collected_at,origin,destination,departure_date,return_date,nights,price,currency,price_type,source,source_tag
2026-09-18T15:48:43+09:00,ICN,KIX,2026-10-01,2026-10-02,1,326900,KRW,round_trip_total,google_flights,
2026-09-18T15:48:43+09:00,ICN,KIX,2026-10-01,2026-10-03,2,363000,KRW,round_trip_total,google_flights,
2026-09-18T15:48:43+09:00,ICN,KIX,2026-10-01,2026-10-04,3,397663,KRW,round_trip_total,google_flights,
2026-09-18T15:48:43+09:00,ICN,KIX,2026-10-01,2026-10-05,4,553700,KRW,round_trip_total,google_flights,
2026-09-18T15:48:43+09:00,ICN,KIX,2026-10-01,2026-10-06,5,397663,KRW,round_trip_total,google_flights,
2026-09-18T15:48:43+09:00,ICN,KIX,2026-10-01,2026-10-07,6,336900,KRW,round_trip_total,google_flights,
2026-09-18T15:48:43+09:00,ICN,KIX,2026-10-01,2026-10-08,7,376900,KRW,round_trip_total,google_flights,
2026-09-18T15:48:43+09:00,ICN,KIX,2026-10-02,2026-10-03,1,399300,KRW,round_trip_total,google_flights,
2026-09-18T15:48:43+09:00,ICN,KIX,2026-10-02,2026-10-04,2,432663,KRW,round_trip_total,google_flights,
2026-09-18T15:48:43+09:00,ICN,KIX,2026-10-02,2026-10-05,3,553121,KRW,round_trip_total,google_flights,
2026-09-18T15:48:43+09:00,ICN,KIX,2026-10-02,2026-10-06,4,432663,KRW,round_trip_total,google_flights,
2026-09-18T15:48:43+09:00,ICN,KIX,2026-10-02,2026-10-07,5,379300,KRW,round_trip_total,google_flights,
2026-09-18T15:48:43+09:00,ICN,KIX,2026-10-02,2026-10-08,6,426900,KRW,round_trip_total,google_flights,
2026-09-18T15:48:43+09:00,ICN,KIX,2026-10-02,2026-10-09,7,480500,KRW,round_trip_total,google_flights,
2026-09-18T15:48:43+09:00,ICN,KIX,2026-10-03,2026-10-04,1,476900,KRW,round_trip_total,google_flights,
2026-09-18T15:48:43+09:00,ICN,KIX,2026-10-03,2026-10-05,2,573121,KRW,round_trip_total,google_flights,
2026-09-18T15:48:43+09:00,ICN,KIX,2026-10-03,2026-10-06,3,452663,KRW,round_trip_total,google_flights,
2026-09-18T15:48:43+09:00,ICN,KIX,2026-10-03,2026-10-07,4,406900,KRW,round_trip_total,google_flights,
2026-09-18T15:48:43+09:00,ICN,KIX,2026-10-03,2026-10-08,5,434000,KRW,round_trip_total,google_flights,
2026-09-18T15:48:43+09:00,ICN,KIX,2026-10-03,2026-10-09,6,516900,KRW,round_trip_total,google_flights,
2026-09-18T15:48:43+09:00,ICN,KIX,2026-10-03,2026-10-10,7,571900,KRW,round_trip_total,google_flights,
2026-09-18T15:48:43+09:00,ICN,KIX,2026-10-04,2026-10-05,1,518121,KRW,round_trip_total,google_flights,
2026-09-18T15:48:43+09:00,ICN,KIX,2026-10-04,2026-10-06,2,397663,KRW,round_trip_total,google_flights,
2026-09-18T15:48:43+09:00,ICN,KIX,2026-10-04,2026-10-07,3,341391,KRW,round_trip_total,google_flights,
2026-09-18T15:48:43+09:00,ICN,KIX,2026-10-04,2026-10-08,4,379000,KRW,round_trip_total,google_flights,
2026-09-18T15:48:43+09:00,ICN,KIX,2026-10-04,2026-10-09,5,445500,KRW,round_trip_total,google_flights,
2026-09-18T15:48:43+09:00,ICN,KIX,2026-10-04,2026-10-10,6,509300,KRW,round_trip_total,google_flights,
2026-09-18T15:48:43+09:00,ICN,KIX,2026-10-04,2026-10-11,7,518121,KRW,round_trip_total,google_flights,
2026-09-18T15:48:43+09:00,ICN,KIX,2026-10-05,2026-10-06,1,359763,KRW,round_trip_total,google_flights,
2026-09-18T15:48:43+09:00,ICN,KIX,2026-10-05,2026-10-07,2,303491,KRW,round_trip_total,google_flights,
2026-09-18T15:48:43+09:00,ICN,KIX,2026-10-05,2026-10-08,3,351900,KRW,round_trip_total,google_flights,
2026-09-18T15:48:43+09:00,ICN,KIX,2026-10-05,2026-10-09,4,421900,KRW,round_trip_total,google_flights,
2026-09-18T15:48:43+09:00,ICN,KIX,2026-10-05,2026-10-10,5,476900,KRW,round_trip_total,google_flights,
2026-09-18T15:48:43+09:00,ICN,KIX,2026-10-05,2026-10-11,6,480221,KRW,round_trip_total,google_flights,
2026-09-18T15:48:43+09:00,ICN,KIX,2026-10-05,2026-10-12,7,406900,KRW,round_trip_total,google_flights,
2026-09-18T15:48:43+09:00,ICN,KIX,2026-10-06,2026-10-07,1,224900,KRW,round_trip_total,google_flights,최저가
2026-09-18T15:48:43+09:00,ICN,KIX,2026-10-06,2026-10-08,2,269900,KRW,round_trip_total,google_flights,저가
2026-09-18T15:48:43+09:00,ICN,KIX,2026-10-06,2026-10-09,3,341900,KRW,round_trip_total,google_flights,
2026-09-18T15:48:43+09:00,ICN,KIX,2026-10-06,2026-10-10,4,394300,KRW,round_trip_total,google_flights,
2026-09-18T15:48:43+09:00,ICN,KIX,2026-10-06,2026-10-11,5,410021,KRW,round_trip_total,google_flights,
2026-09-18T15:48:43+09:00,ICN,KIX,2026-10-06,2026-10-12,6,326900,KRW,round_trip_total,google_flights,
2026-09-18T15:48:43+09:00,ICN,KIX,2026-10-06,2026-10-13,7,261900,KRW,round_trip_total,google_flights,저가
2026-09-18T15:48:43+09:00,ICN,KIX,2026-10-07,2026-10-08,1,271900,KRW,round_trip_total,google_flights,저가
2026-09-18T15:48:43+09:00,ICN,KIX,2026-10-07,2026-10-09,2,341900,KRW,round_trip_total,google_flights,
2026-09-18T15:48:43+09:00,ICN,KIX,2026-10-07,2026-10-10,3,396900,KRW,round_trip_total,google_flights,
2026-09-18T15:48:43+09:00,ICN,KIX,2026-10-07,2026-10-11,4,415021,KRW,round_trip_total,google_flights,
2026-09-18T15:48:43+09:00,ICN,KIX,2026-10-07,2026-10-12,5,326900,KRW,round_trip_total,google_flights,
2026-09-18T15:48:43+09:00,ICN,KIX,2026-10-07,2026-10-13,6,261900,KRW,round_trip_total,google_flights,저가
2026-09-18T15:48:43+09:00,ICN,KIX,2026-10-07,2026-10-14,7,238291,KRW,round_trip_total,google_flights,저가
2026-09-18T15:48:43+09:00,ICN,KIX,2026-10-08,2026-10-09,1,461900,KRW,round_trip_total,google_flights,
2026-09-18T15:48:43+09:00,ICN,KIX,2026-10-08,2026-10-10,2,509300,KRW,round_trip_total,google_flights,
2026-09-18T15:48:43+09:00,ICN,KIX,2026-10-08,2026-10-11,3,522221,KRW,round_trip_total,google_flights,
2026-09-18T15:48:43+09:00,ICN,KIX,2026-10-08,2026-10-12,4,446900,KRW,round_trip_total,google_flights,
2026-09-18T15:48:43+09:00,ICN,KIX,2026-10-08,2026-10-13,5,371869,KRW,round_trip_total,google_flights,
2026-09-18T15:48:43+09:00,ICN,KIX,2026-10-08,2026-10-14,6,345491,KRW,round_trip_total,google_flights,
2026-09-18T15:48:43+09:00,ICN,KIX,2026-10-08,2026-10-15,7,361900,KRW,round_trip_total,google_flights,
2026-09-18T15:48:43+09:00,ICN,KIX,2026-10-09,2026-10-10,1,458000,KRW,round_trip_total,google_flights,
2026-09-18T15:48:43+09:00,ICN,KIX,2026-10-09,2026-10-11,2,454121,KRW,round_trip_total,google_flights,
2026-09-18T15:48:43+09:00,ICN,KIX,2026-10-09,2026-10-12,3,394000,KRW,round_trip_total,google_flights,
2026-09-18T15:48:43+09:00,ICN,KIX,2026-10-09,2026-10-13,4,303769,KRW,round_trip_total,google_flights,저가
2026-09-18T15:48:43+09:00,ICN,KIX,2026-10-09,2026-10-14,5,277391,KRW,round_trip_total,google_flights,저가
2026-09-18T15:48:43+09:00,ICN,KIX,2026-10-09,2026-10-15,6,287000,KRW,round_trip_total,google_flights,저가
2026-09-18T15:48:43+09:00,ICN,KIX,2026-10-09,2026-10-16,7,331026,KRW,round_trip_total,google_flights,
2026-09-18T15:48:43+09:00,ICN,KIX,2026-10-10,2026-10-11,1,435021,KRW,round_trip_total,google_flights,
2026-09-18T15:48:43+09:00,ICN,KIX,2026-10-10,2026-10-12,2,356900,KRW,round_trip_total,google_flights,
2026-09-18T15:48:43+09:00,ICN,KIX,2026-10-10,2026-10-13,3,284669,KRW,round_trip_total,google_flights,저가
2026-09-18T15:48:43+09:00,ICN,KIX,2026-10-10,2026-10-14,4,258291,KRW,round_trip_total,google_flights,저가
2026-09-18T15:48:43+09:00,ICN,KIX,2026-10-10,2026-10-15,5,271900,KRW,round_trip_total,google_flights,저가
2026-09-18T15:48:43+09:00,ICN,KIX,2026-10-10,2026-10-16,6,311926,KRW,round_trip_total,google_flights,
2026-09-18T15:48:43+09:00,ICN,KIX,2026-10-10,2026-10-17,7,314563,KRW,round_trip_total,google_flights,
2026-09-18T15:48:43+09:00,ICN,KIX,2026-10-11,2026-10-12,1,356900,KRW,round_trip_total,google_flights,
2026-09-18T15:48:43+09:00,ICN,KIX,2026-10-11,2026-10-13,2,291900,KRW,round_trip_total,google_flights,저가
2026-09-18T15:48:43+09:00,ICN,KIX,2026-10-11,2026-10-14,3,267491,KRW,round_trip_total,google_flights,저가
2026-09-18T15:48:43+09:00,ICN,KIX,2026-10-11,2026-10-15,4,271900,KRW,round_trip_total,google_flights,저가
2026-09-18T15:48:43+09:00,ICN,KIX,2026-10-11,2026-10-16,5,321900,KRW,round_trip_total,google_flights,
2026-09-18T15:48:43+09:00,ICN,KIX,2026-10-11,2026-10-17,6,323763,KRW,round_trip_total,google_flights,
2026-09-18T15:48:43+09:00,ICN,KIX,2026-10-11,2026-10-18,7,396900,KRW,round_trip_total,google_flights,
2026-09-18T15:48:43+09:00,ICN,KIX,2026-10-12,2026-10-13,1,317869,KRW,round_trip_total,google_flights,
2026-09-18T15:48:43+09:00,ICN,KIX,2026-10-12,2026-10-14,2,291491,KRW,round_trip_total,google_flights,저가
2026-09-18T15:48:43+09:00,ICN,KIX,2026-10-12,2026-10-15,3,314703,KRW,round_trip_total,google_flights,
2026-09-18T15:48:43+09:00,ICN,KIX,2026-10-12,2026-10-16,4,345126,KRW,round_trip_total,google_flights,
2026-09-18T15:48:43+09:00,ICN,KIX,2026-10-12,2026-10-17,5,347763,KRW,round_trip_total,google_flights,
2026-09-18T15:48:43+09:00,ICN,KIX,2026-10-12,2026-10-18,6,434282,KRW,round_trip_total,google_flights,
2026-09-18T15:48:43+09:00,ICN,KIX,2026-10-12,2026-10-19,7,330178,KRW,round_trip_total,google_flights,
2026-09-18T15:48:43+09:00,ICN,KIX,2026-10-13,2026-10-14,1,243491,KRW,round_trip_total,google_flights,최저가
2026-09-18T15:48:43+09:00,ICN,KIX,2026-10-13,2026-10-15,2,261900,KRW,round_trip_total,google_flights,저가
2026-09-18T15:48:43+09:00,ICN,KIX,2026-10-13,2026-10-16,3,297126,KRW,round_trip_total,google_flights,
2026-09-18T15:48:43+09:00,ICN,KIX,2026-10-13,2026-10-17,4,299763,KRW,round_trip_total,google_flights,
2026-09-18T15:48:43+09:00,ICN,KIX,2026-10-13,2026-10-18,5,386900,KRW,round_trip_total,google_flights,
2026-09-18T15:48:43+09:00,ICN,KIX,2026-10-13,2026-10-19,6,282178,KRW,round_trip_total,google_flights,
2026-09-18T15:48:43+09:00,ICN,KIX,2026-10-13,2026-10-20,7,232940,KRW,round_trip_total,google_flights,저가
2026-09-18T15:48:43+09:00,ICN,KIX,2026-10-14,2026-10-15,1,261900,KRW,round_trip_total,google_flights,저가
2026-09-18T15:48:43+09:00,ICN,KIX,2026-10-14,2026-10-16,2,311900,KRW,round_trip_total,google_flights,
2026-09-18T15:48:43+09:00,ICN,KIX,2026-10-14,2026-10-17,3,311763,KRW,round_trip_total,google_flights,
2026-09-18T15:48:43+09:00,ICN,KIX,2026-10-14,2026-10-18,4,386900,KRW,round_trip_total,google_flights,
2026-09-18T15:48:43+09:00,ICN,KIX,2026-10-14,2026-10-19,5,294178,KRW,round_trip_total,google_flights,
2026-09-18T15:48:43+09:00,ICN,KIX,2026-10-14,2026-10-20,6,244940,KRW,round_trip_total,google_flights,저가
2026-09-18T15:48:43+09:00,ICN,KIX,2026-10-14,2026-10-21,7,234389,KRW,round_trip_total,google_flights,저가
2026-09-18T15:48:43+09:00,ICN,KIX,2026-10-15,2026-10-16,1,345000,KRW,round_trip_total,google_flights,
2026-09-18T15:48:43+09:00,ICN,KIX,2026-10-15,2026-10-17,2,345000,KRW,round_trip_total,google_flights,
2026-09-18T15:48:43+09:00,ICN,KIX,2026-10-15,2026-10-18,3,426900,KRW,round_trip_total,google_flights,
2026-09-18T15:48:43+09:00,ICN,KIX,2026-10-15,2026-10-19,4,326978,KRW,round_trip_total,google_flights,
2026-09-18T15:48:43+09:00,ICN,KIX,2026-10-15,2026-10-20,5,277740,KRW,round_trip_total,google_flights,
2026-09-18T15:48:43+09:00,ICN,KIX,2026-10-15,2026-10-21,6,267189,KRW,round_trip_total,google_flights,저가
2026-09-18T15:48:43+09:00,ICN,KIX,2026-10-15,2026-10-22,7,311900,KRW,round_trip_total,google_flights,
2026-09-18T15:48:43+09:00,ICN,KIX,2026-10-16,2026-10-17,1,343863,KRW,round_trip_total,google_flights,
2026-09-18T15:48:43+09:00,ICN,KIX,2026-10-16,2026-10-18,2,426900,KRW,round_trip_total,google_flights,
2026-09-18T15:48:43+09:00,ICN,KIX,2026-10-16,2026-10-19,3,326278,KRW,round_trip_total,google_flights,
2026-09-18T15:48:43+09:00,ICN,KIX,2026-10-16,2026-10-20,4,277040,KRW,round_trip_total,google_flights,
2026-09-18T15:48:43+09:00,ICN,KIX,2026-10-16,2026-10-21,5,266489,KRW,round_trip_total,google_flights,저가
2026-09-18T15:48:43+09:00,ICN,KIX,2026-10-16,2026-10-22,6,311900,KRW,round_trip_total,google_flights,
2026-09-18T15:48:43+09:00,ICN,KIX,2026-10-16,2026-10-23,7,326278,KRW,round_trip_total,google_flights,
2026-09-18T15:48:43+09:00,ICN,KIX,2026-10-17,2026-10-18,1,456900,KRW,round_trip_total,google_flights,
2026-09-18T15:48:43+09:00,ICN,KIX,2026-10-17,2026-10-19,2,356978,KRW,round_trip_total,google_flights,
2026-09-18T15:48:43+09:00,ICN,KIX,2026-10-17,2026-10-20,3,338600,KRW,round_trip_total,google_flights,
2026-09-18T15:48:43+09:00,ICN,KIX,2026-10-17,2026-10-21,4,297189,KRW,round_trip_total,google_flights,
2026-09-18T15:48:43+09:00,ICN,KIX,2026-10-17,2026-10-22,5,341900,KRW,round_trip_total,google_flights,
2026-09-18T15:48:43+09:00,ICN,KIX,2026-10-17,2026-10-23,6,394000,KRW,round_trip_total,google_flights,
2026-09-18T15:48:43+09:00,ICN,KIX,2026-10-17,2026-10-24,7,356978,KRW,round_trip_total,google_flights,
2026-09-18T15:48:43+09:00,ICN,KIX,2026-10-18,2026-10-19,1,351278,KRW,round_trip_total,google_flights,
2026-09-18T15:48:43+09:00,ICN,KIX,2026-10-18,2026-10-20,2,302040,KRW,round_trip_total,google_flights,
2026-09-18T15:48:43+09:00,ICN,KIX,2026-10-18,2026-10-21,3,291489,KRW,round_trip_total,google_flights,
2026-09-18T15:48:43+09:00,ICN,KIX,2026-10-18,2026-10-22,4,321900,KRW,round_trip_total,google_flights,
2026-09-18T15:48:43+09:00,ICN,KIX,2026-10-18,2026-10-23,5,351278,KRW,round_trip_total,google_flights,
2026-09-18T15:48:43+09:00,ICN,KIX,2026-10-18,2026-10-24,6,355000,KRW,round_trip_total,google_flights,
2026-09-18T15:48:43+09:00,ICN,KIX,2026-10-18,2026-10-25,7,354500,KRW,round_trip_total,google_flights,
2026-09-18T15:48:43+09:00,ICN,KIX,2026-10-19,2026-10-20,1,267040,KRW,round_trip_total,google_flights,저가
2026-09-18T15:48:43+09:00,ICN,KIX,2026-10-19,2026-10-21,2,256489,KRW,round_trip_total,google_flights,저가
2026-09-18T15:48:43+09:00,ICN,KIX,2026-10-19,2026-10-22,3,304848,KRW,round_trip_total,google_flights,
2026-09-18T15:48:43+09:00,ICN,KIX,2026-10-19,2026-10-23,4,316278,KRW,round_trip_total,google_flights,
2026-09-18T15:48:43+09:00,ICN,KIX,2026-10-19,2026-10-24,5,316278,KRW,round_trip_total,google_flights,
2026-09-18T15:48:43+09:00,ICN,KIX,2026-10-19,2026-10-25,6,340000,KRW,round_trip_total,google_flights,
2026-09-18T15:48:43+09:00,ICN,KIX,2026-10-19,2026-10-26,7,303969,KRW,round_trip_total,google_flights,
2026-09-18T15:48:43+09:00,ICN,KIX,2026-10-20,2026-10-21,1,219989,KRW,round_trip_total,google_flights,최저가
2026-09-18T15:48:43+09:00,ICN,KIX,2026-10-20,2026-10-22,2,249900,KRW,round_trip_total,google_flights,저가
2026-09-18T15:48:43+09:00,ICN,KIX,2026-10-20,2026-10-23,3,279778,KRW,round_trip_total,google_flights,
2026-09-18T15:48:43+09:00,ICN,KIX,2026-10-20,2026-10-24,4,279778,KRW,round_trip_total,google_flights,
2026-09-18T15:48:43+09:00,ICN,KIX,2026-10-20,2026-10-25,5,297363,KRW,round_trip_total,google_flights,
2026-09-18T15:48:43+09:00,ICN,KIX,2026-10-20,2026-10-26,6,269900,KRW,round_trip_total,google_flights,
2026-09-18T15:48:43+09:00,ICN,KIX,2026-10-20,2026-10-27,7,256600,KRW,round_trip_total,google_flights,저가
2026-09-18T15:48:43+09:00,ICN,KIX,2026-10-21,2026-10-22,1,270748,KRW,round_trip_total,google_flights,
2026-09-18T15:48:43+09:00,ICN,KIX,2026-10-21,2026-10-23,2,282178,KRW,round_trip_total,google_flights,
2026-09-18T15:48:43+09:00,ICN,KIX,2026-10-21,2026-10-24,3,282178,KRW,round_trip_total,google_flights,
2026-09-18T15:48:43+09:00,ICN,KIX,2026-10-21,2026-10-25,4,299763,KRW,round_trip_total,google_flights,
2026-09-18T15:48:43+09:00,ICN,KIX,2026-10-21,2026-10-26,5,269869,KRW,round_trip_total,google_flights,
2026-09-18T15:48:43+09:00,ICN,KIX,2026-10-21,2026-10-27,6,268600,KRW,round_trip_total,google_flights,
2026-09-18T15:48:43+09:00,ICN,KIX,2026-10-21,2026-10-28,7,246900,KRW,round_trip_total,google_flights,저가
2026-09-18T15:48:43+09:00,ICN,KIX,2026-10-22,2026-10-23,1,318178,KRW,round_trip_total,google_flights,
2026-09-18T15:48:43+09:00,ICN,KIX,2026-10-22,2026-10-24,2,318178,KRW,round_trip_total,google_flights,
2026-09-18T15:48:43+09:00,ICN,KIX,2026-10-22,2026-10-25,3,335763,KRW,round_trip_total,google_flights,
2026-09-18T15:48:43+09:00,ICN,KIX,2026-10-22,2026-10-26,4,305869,KRW,round_trip_total,google_flights,
2026-09-18T15:48:43+09:00,ICN,KIX,2026-10-22,2026-10-27,5,301473,KRW,round_trip_total,google_flights,
2026-09-18T15:48:43+09:00,ICN,KIX,2026-10-22,2026-10-28,6,271900,KRW,round_trip_total,google_flights,
2026-09-18T15:48:43+09:00,ICN,KIX,2026-10-22,2026-10-29,7,273336,KRW,round_trip_total,google_flights,
2026-09-18T15:48:43+09:00,ICN,KIX,2026-10-23,2026-10-24,1,351278,KRW,round_trip_total,google_flights,
2026-09-18T15:48:43+09:00,ICN,KIX,2026-10-23,2026-10-25,2,368863,KRW,round_trip_total,google_flights,
2026-09-18T15:48:43+09:00,ICN,KIX,2026-10-23,2026-10-26,3,338969,KRW,round_trip_total,google_flights,
2026-09-18T15:48:43+09:00,ICN,KIX,2026-10-23,2026-10-27,4,323600,KRW,round_trip_total,google_flights,
2026-09-18T15:48:43+09:00,ICN,KIX,2026-10-23,2026-10-28,5,301900,KRW,round_trip_total,google_flights,
2026-09-18T15:48:43+09:00,ICN,KIX,2026-10-23,2026-10-29,6,291800,KRW,round_trip_total,google_flights,
2026-09-18T15:48:43+09:00,ICN,KIX,2026-10-23,2026-10-30,7,302040,KRW,round_trip_total,google_flights,
2026-09-18T15:48:43+09:00,ICN,KIX,2026-10-24,2026-10-25,1,354500,KRW,round_trip_total,google_flights,
2026-09-18T15:48:43+09:00,ICN,KIX,2026-10-24,2026-10-26,2,341869,KRW,round_trip_total,google_flights,
2026-09-18T15:48:43+09:00,ICN,KIX,2026-10-24,2026-10-27,3,337473,KRW,round_trip_total,google_flights,
2026-09-18T15:48:43+09:00,ICN,KIX,2026-10-24,2026-10-28,4,311900,KRW,round_trip_total,google_flights,
2026-09-18T15:48:43+09:00,ICN,KIX,2026-10-24,2026-10-29,5,309336,KRW,round_trip_total,google_flights,
2026-09-18T15:48:43+09:00,ICN,KIX,2026-10-24,2026-10-30,6,304940,KRW,round_trip_total,google_flights,
2026-09-18T15:48:43+09:00,ICN,KIX,2026-10-24,2026-10-31,7,354178,KRW,round_trip_total,google_flights,
2026-09-18T15:48:43+09:00,ICN,KIX,2026-10-25,2026-10-26,1,282269,KRW,round_trip_total,google_flights,
2026-09-18T15:48:43+09:00,ICN,KIX,2026-10-25,2026-10-27,2,266900,KRW,round_trip_total,google_flights,
2026-09-18T15:48:43+09:00,ICN,KIX,2026-10-25,2026-10-28,3,245200,KRW,round_trip_total,google_flights,저가
2026-09-18T15:48:43+09:00,ICN,KIX,2026-10-25,2026-10-29,4,235100,KRW,round_trip_total,google_flights,저가
2026-09-18T15:48:43+09:00,ICN,KIX,2026-10-25,2026-10-30,5,245340,KRW,round_trip_total,google_flights,저가
2026-09-18T15:48:43+09:00,ICN,KIX,2026-10-25,2026-10-31,6,294578,KRW,round_trip_total,google_flights,
2026-09-18T15:48:43+09:00,ICN,KIX,2026-10-26,2026-10-27,1,257800,KRW,round_trip_total,google_flights,
2026-09-18T15:48:43+09:00,ICN,KIX,2026-10-26,2026-10-28,2,231900,KRW,round_trip_total,google_flights,저가
2026-09-18T15:48:43+09:00,ICN,KIX,2026-10-26,2026-10-29,3,226000,KRW,round_trip_total,google_flights,저가
2026-09-18T15:48:43+09:00,ICN,KIX,2026-10-26,2026-10-30,4,232940,KRW,round_trip_total,google_flights,저가
2026-09-18T15:48:43+09:00,ICN,KIX,2026-10-26,2026-10-31,5,282178,KRW,round_trip_total,google_flights,
2026-09-18T15:48:43+09:00,ICN,KIX,2026-10-27,2026-10-28,1,231900,KRW,round_trip_total,google_flights,저가
2026-09-18T15:48:43+09:00,ICN,KIX,2026-10-27,2026-10-29,2,221800,KRW,round_trip_total,google_flights,최저가
2026-09-18T15:48:43+09:00,ICN,KIX,2026-10-27,2026-10-30,3,227740,KRW,round_trip_total,google_flights,저가
2026-09-18T15:48:43+09:00,ICN,KIX,2026-10-27,2026-10-31,4,276978,KRW,round_trip_total,google_flights,
2026-09-18T15:48:43+09:00,ICN,KIX,2026-10-28,2026-10-29,1,225000,KRW,round_trip_total,google_flights,저가
2026-09-18T15:48:43+09:00,ICN,KIX,2026-10-28,2026-10-30,2,227740,KRW,round_trip_total,google_flights,저가
2026-09-18T15:48:43+09:00,ICN,KIX,2026-10-28,2026-10-31,3,276978,KRW,round_trip_total,google_flights,
2026-09-18T15:48:43+09:00,ICN,KIX,2026-10-29,2026-10-30,1,236240,KRW,round_trip_total,google_flights,저가
2026-09-18T15:48:43+09:00,ICN,KIX,2026-10-29,2026-10-31,2,285478,KRW,round_trip_total,google_flights,
2026-09-18T15:48:43+09:00,ICN,KIX,2026-10-30,2026-10-31,1,294178,KRW,round_trip_total,google_flights,
2026-09-18T15:51:17+09:00,ICN,KIX,2026-10-01,2026-10-02,1,326900,KRW,round_trip_total,google_flights,
2026-09-18T15:51:17+09:00,ICN,KIX,2026-10-01,2026-10-03,2,363000,KRW,round_trip_total,google_flights,
2026-09-18T15:51:17+09:00,ICN,KIX,2026-10-01,2026-10-04,3,397663,KRW,round_trip_total,google_flights,
2026-09-18T15:51:17+09:00,ICN,KIX,2026-10-01,2026-10-05,4,553700,KRW,round_trip_total,google_flights,
2026-09-18T15:51:17+09:00,ICN,KIX,2026-10-01,2026-10-06,5,397663,KRW,round_trip_total,google_flights,
2026-09-18T15:51:17+09:00,ICN,KIX,2026-10-01,2026-10-07,6,336900,KRW,round_trip_total,google_flights,
2026-09-18T15:51:17+09:00,ICN,KIX,2026-10-01,2026-10-08,7,376900,KRW,round_trip_total,google_flights,
2026-09-18T15:51:17+09:00,ICN,KIX,2026-10-02,2026-10-03,1,399300,KRW,round_trip_total,google_flights,
2026-09-18T15:51:17+09:00,ICN,KIX,2026-10-02,2026-10-04,2,432663,KRW,round_trip_total,google_flights,
2026-09-18T15:51:17+09:00,ICN,KIX,2026-10-02,2026-10-05,3,553121,KRW,round_trip_total,google_flights,
2026-09-18T15:51:17+09:00,ICN,KIX,2026-10-02,2026-10-06,4,432663,KRW,round_trip_total,google_flights,
2026-09-18T15:51:17+09:00,ICN,KIX,2026-10-02,2026-10-07,5,379300,KRW,round_trip_total,google_flights,
2026-09-18T15:51:17+09:00,ICN,KIX,2026-10-02,2026-10-08,6,426900,KRW,round_trip_total,google_flights,
2026-09-18T15:51:17+09:00,ICN,KIX,2026-10-02,2026-10-09,7,480500,KRW,round_trip_total,google_flights,
2026-09-18T15:51:17+09:00,ICN,KIX,2026-10-03,2026-10-04,1,452663,KRW,round_trip_total,google_flights,
2026-09-18T15:51:17+09:00,ICN,KIX,2026-10-03,2026-10-05,2,573121,KRW,round_trip_total,google_flights,
2026-09-18T15:51:17+09:00,ICN,KIX,2026-10-03,2026-10-06,3,452663,KRW,round_trip_total,google_flights,
2026-09-18T15:51:17+09:00,ICN,KIX,2026-10-03,2026-10-07,4,396391,KRW,round_trip_total,google_flights,
2026-09-18T15:51:17+09:00,ICN,KIX,2026-10-03,2026-10-08,5,434000,KRW,round_trip_total,google_flights,
2026-09-18T15:51:17+09:00,ICN,KIX,2026-10-03,2026-10-09,6,516900,KRW,round_trip_total,google_flights,
2026-09-18T15:51:17+09:00,ICN,KIX,2026-10-03,2026-10-10,7,571900,KRW,round_trip_total,google_flights,
2026-09-18T15:51:17+09:00,ICN,KIX,2026-10-04,2026-10-05,1,518121,KRW,round_trip_total,google_flights,
2026-09-18T15:51:17+09:00,ICN,KIX,2026-10-04,2026-10-06,2,397663,KRW,round_trip_total,google_flights,
2026-09-18T15:51:17+09:00,ICN,KIX,2026-10-04,2026-10-07,3,341391,KRW,round_trip_total,google_flights,
2026-09-18T15:51:17+09:00,ICN,KIX,2026-10-04,2026-10-08,4,379000,KRW,round_trip_total,google_flights,
2026-09-18T15:51:17+09:00,ICN,KIX,2026-10-04,2026-10-09,5,445500,KRW,round_trip_total,google_flights,
2026-09-18T15:51:17+09:00,ICN,KIX,2026-10-04,2026-10-10,6,509300,KRW,round_trip_total,google_flights,
2026-09-18T15:51:17+09:00,ICN,KIX,2026-10-04,2026-10-11,7,518121,KRW,round_trip_total,google_flights,
2026-09-18T15:51:17+09:00,ICN,KIX,2026-10-05,2026-10-06,1,359763,KRW,round_trip_total,google_flights,
2026-09-18T15:51:17+09:00,ICN,KIX,2026-10-05,2026-10-07,2,303491,KRW,round_trip_total,google_flights,
2026-09-18T15:51:17+09:00,ICN,KIX,2026-10-05,2026-10-08,3,351900,KRW,round_trip_total,google_flights,
2026-09-18T15:51:17+09:00,ICN,KIX,2026-10-05,2026-10-09,4,421900,KRW,round_trip_total,google_flights,
2026-09-18T15:51:17+09:00,ICN,KIX,2026-10-05,2026-10-10,5,476900,KRW,round_trip_total,google_flights,
2026-09-18T15:51:17+09:00,ICN,KIX,2026-10-05,2026-10-11,6,480221,KRW,round_trip_total,google_flights,
2026-09-18T15:51:17+09:00,ICN,KIX,2026-10-05,2026-10-12,7,406900,KRW,round_trip_total,google_flights,
2026-09-18T15:51:17+09:00,ICN,KIX,2026-10-06,2026-10-07,1,224900,KRW,round_trip_total,google_flights,최저가
2026-09-18T15:51:17+09:00,ICN,KIX,2026-10-06,2026-10-08,2,269900,KRW,round_trip_total,google_flights,저가
2026-09-18T15:51:17+09:00,ICN,KIX,2026-10-06,2026-10-09,3,341900,KRW,round_trip_total,google_flights,
2026-09-18T15:51:17+09:00,ICN,KIX,2026-10-06,2026-10-10,4,394300,KRW,round_trip_total,google_flights,
2026-09-18T15:51:17+09:00,ICN,KIX,2026-10-06,2026-10-11,5,410021,KRW,round_trip_total,google_flights,
2026-09-18T15:51:17+09:00,ICN,KIX,2026-10-06,2026-10-12,6,326900,KRW,round_trip_total,google_flights,
2026-09-18T15:51:17+09:00,ICN,KIX,2026-10-06,2026-10-13,7,261900,KRW,round_trip_total,google_flights,저가
2026-09-18T15:51:17+09:00,ICN,KIX,2026-10-07,2026-10-08,1,271900,KRW,round_trip_total,google_flights,저가
2026-09-18T15:51:17+09:00,ICN,KIX,2026-10-07,2026-10-09,2,341900,KRW,round_trip_total,google_flights,
2026-09-18T15:51:17+09:00,ICN,KIX,2026-10-07,2026-10-10,3,396900,KRW,round_trip_total,google_flights,
2026-09-18T15:51:17+09:00,ICN,KIX,2026-10-07,2026-10-11,4,415021,KRW,round_trip_total,google_flights,
2026-09-18T15:51:17+09:00,ICN,KIX,2026-10-07,2026-10-12,5,326900,KRW,round_trip_total,google_flights,
2026-09-18T15:51:17+09:00,ICN,KIX,2026-10-07,2026-10-13,6,261900,KRW,round_trip_total,google_flights,저가
2026-09-18T15:51:17+09:00,ICN,KIX,2026-10-07,2026-10-14,7,238291,KRW,round_trip_total,google_flights,저가
2026-09-18T15:51:17+09:00,ICN,KIX,2026-10-08,2026-10-09,1,461900,KRW,round_trip_total,google_flights,
2026-09-18T15:51:17+09:00,ICN,KIX,2026-10-08,2026-10-10,2,509300,KRW,round_trip_total,google_flights,
2026-09-18T15:51:17+09:00,ICN,KIX,2026-10-08,2026-10-11,3,522221,KRW,round_trip_total,google_flights,
2026-09-18T15:51:17+09:00,ICN,KIX,2026-10-08,2026-10-12,4,446900,KRW,round_trip_total,google_flights,
2026-09-18T15:51:17+09:00,ICN,KIX,2026-10-08,2026-10-13,5,371869,KRW,round_trip_total,google_flights,
2026-09-18T15:51:17+09:00,ICN,KIX,2026-10-08,2026-10-14,6,345491,KRW,round_trip_total,google_flights,
2026-09-18T15:51:17+09:00,ICN,KIX,2026-10-08,2026-10-15,7,361900,KRW,round_trip_total,google_flights,
2026-09-18T15:51:17+09:00,ICN,KIX,2026-10-09,2026-10-10,1,481000,KRW,round_trip_total,google_flights,
2026-09-18T15:51:17+09:00,ICN,KIX,2026-10-09,2026-10-11,2,477121,KRW,round_trip_total,google_flights,
2026-09-18T15:51:17+09:00,ICN,KIX,2026-10-09,2026-10-12,3,397000,KRW,round_trip_total,google_flights,
2026-09-18T15:51:17+09:00,ICN,KIX,2026-10-09,2026-10-13,4,326769,KRW,round_trip_total,google_flights,
2026-09-18T15:51:17+09:00,ICN,KIX,2026-10-09,2026-10-14,5,300391,KRW,round_trip_total,google_flights,저가
2026-09-18T15:51:17+09:00,ICN,KIX,2026-10-09,2026-10-15,6,310000,KRW,round_trip_total,google_flights,
2026-09-18T15:51:17+09:00,ICN,KIX,2026-10-09,2026-10-16,7,354026,KRW,round_trip_total,google_flights,
2026-09-18T15:51:17+09:00,ICN,KIX,2026-10-10,2026-10-11,1,435021,KRW,round_trip_total,google_flights,
2026-09-18T15:51:17+09:00,ICN,KIX,2026-10-10,2026-10-12,2,356900,KRW,round_trip_total,google_flights,
2026-09-18T15:51:17+09:00,ICN,KIX,2026-10-10,2026-10-13,3,284669,KRW,round_trip_total,google_flights,저가
2026-09-18T15:51:17+09:00,ICN,KIX,2026-10-10,2026-10-14,4,258291,KRW,round_trip_total,google_flights,저가
2026-09-18T15:51:17+09:00,ICN,KIX,2026-10-10,2026-10-15,5,271900,KRW,round_trip_total,google_flights,저가
2026-09-18T15:51:17+09:00,ICN,KIX,2026-10-10,2026-10-16,6,311926,KRW,round_trip_total,google_flights,
2026-09-18T15:51:17+09:00,ICN,KIX,2026-10-10,2026-10-17,7,314563,KRW,round_trip_total,google_flights,
2026-09-18T15:51:17+09:00,ICN,KIX,2026-10-11,2026-10-12,1,356900,KRW,round_trip_total,google_flights,
2026-09-18T15:51:17+09:00,ICN,KIX,2026-10-11,2026-10-13,2,291900,KRW,round_trip_total,google_flights,저가
2026-09-18T15:51:17+09:00,ICN,KIX,2026-10-11,2026-10-14,3,267491,KRW,round_trip_total,google_flights,저가
2026-09-18T15:51:17+09:00,ICN,KIX,2026-10-11,2026-10-15,4,271900,KRW,round_trip_total,google_flights,저가
2026-09-18T15:51:17+09:00,ICN,KIX,2026-10-11,2026-10-16,5,321900,KRW,round_trip_total,google_flights,
2026-09-18T15:51:17+09:00,ICN,KIX,2026-10-11,2026-10-17,6,323763,KRW,round_trip_total,google_flights,
2026-09-18T15:51:17+09:00,ICN,KIX,2026-10-11,2026-10-18,7,396900,KRW,round_trip_total,google_flights,
2026-09-18T15:51:17+09:00,ICN,KIX,2026-10-12,2026-10-13,1,317869,KRW,round_trip_total,google_flights,
2026-09-18T15:51:17+09:00,ICN,KIX,2026-10-12,2026-10-14,2,291491,KRW,round_trip_total,google_flights,저가
2026-09-18T15:51:17+09:00,ICN,KIX,2026-10-12,2026-10-15,3,321900,KRW,round_trip_total,google_flights,
2026-09-18T15:51:17+09:00,ICN,KIX,2026-10-12,2026-10-16,4,345126,KRW,round_trip_total,google_flights,
2026-09-18T15:51:17+09:00,ICN,KIX,2026-10-12,2026-10-17,5,347763,KRW,round_trip_total,google_flights,
2026-09-18T15:51:17+09:00,ICN,KIX,2026-10-12,2026-10-18,6,434282,KRW,round_trip_total,google_flights,
2026-09-18T15:51:17+09:00,ICN,KIX,2026-10-12,2026-10-19,7,330178,KRW,round_trip_total,google_flights,
2026-09-18T15:51:17+09:00,ICN,KIX,2026-10-13,2026-10-14,1,243491,KRW,round_trip_total,google_flights,최저가
2026-09-18T15:51:17+09:00,ICN,KIX,2026-10-13,2026-10-15,2,261900,KRW,round_trip_total,google_flights,저가
2026-09-18T15:51:17+09:00,ICN,KIX,2026-10-13,2026-10-16,3,297126,KRW,round_trip_total,google_flights,
2026-09-18T15:51:17+09:00,ICN,KIX,2026-10-13,2026-10-17,4,299763,KRW,round_trip_total,google_flights,
2026-09-18T15:51:17+09:00,ICN,KIX,2026-10-13,2026-10-18,5,386900,KRW,round_trip_total,google_flights,
2026-09-18T15:51:17+09:00,ICN,KIX,2026-10-13,2026-10-19,6,282178,KRW,round_trip_total,google_flights,
2026-09-18T15:51:17+09:00,ICN,KIX,2026-10-13,2026-10-20,7,232940,KRW,round_trip_total,google_flights,저가
2026-09-18T15:51:17+09:00,ICN,KIX,2026-10-14,2026-10-15,1,261900,KRW,round_trip_total,google_flights,저가
2026-09-18T15:51:17+09:00,ICN,KIX,2026-10-14,2026-10-16,2,311900,KRW,round_trip_total,google_flights,
2026-09-18T15:51:17+09:00,ICN,KIX,2026-10-14,2026-10-17,3,311763,KRW,round_trip_total,google_flights,
2026-09-18T15:51:17+09:00,ICN,KIX,2026-10-14,2026-10-18,4,386900,KRW,round_trip_total,google_flights,
2026-09-18T15:51:17+09:00,ICN,KIX,2026-10-14,2026-10-19,5,294178,KRW,round_trip_total,google_flights,
2026-09-18T15:51:17+09:00,ICN,KIX,2026-10-14,2026-10-20,6,244940,KRW,round_trip_total,google_flights,저가
2026-09-18T15:51:17+09:00,ICN,KIX,2026-10-14,2026-10-21,7,234389,KRW,round_trip_total,google_flights,저가
2026-09-18T15:51:17+09:00,ICN,KIX,2026-10-15,2026-10-16,1,345000,KRW,round_trip_total,google_flights,
2026-09-18T15:51:17+09:00,ICN,KIX,2026-10-15,2026-10-17,2,345000,KRW,round_trip_total,google_flights,
2026-09-18T15:51:17+09:00,ICN,KIX,2026-10-15,2026-10-18,3,426900,KRW,round_trip_total,google_flights,
2026-09-18T15:51:17+09:00,ICN,KIX,2026-10-15,2026-10-19,4,326978,KRW,round_trip_total,google_flights,
2026-09-18T15:51:17+09:00,ICN,KIX,2026-10-15,2026-10-20,5,277740,KRW,round_trip_total,google_flights,
2026-09-18T15:51:17+09:00,ICN,KIX,2026-10-15,2026-10-21,6,267189,KRW,round_trip_total,google_flights,저가
2026-09-18T15:51:17+09:00,ICN,KIX,2026-10-15,2026-10-22,7,311900,KRW,round_trip_total,google_flights,
2026-09-18T15:51:17+09:00,ICN,KIX,2026-10-16,2026-10-17,1,343863,KRW,round_trip_total,google_flights,
2026-09-18T15:51:17+09:00,ICN,KIX,2026-10-16,2026-10-18,2,426900,KRW,round_trip_total,google_flights,
2026-09-18T15:51:17+09:00,ICN,KIX,2026-10-16,2026-10-19,3,326278,KRW,round_trip_total,google_flights,
2026-09-18T15:51:17+09:00,ICN,KIX,2026-10-16,2026-10-20,4,277040,KRW,round_trip_total,google_flights,
2026-09-18T15:51:17+09:00,ICN,KIX,2026-10-16,2026-10-21,5,266489,KRW,round_trip_total,google_flights,저가
2026-09-18T15:51:17+09:00,ICN,KIX,2026-10-16,2026-10-22,6,311900,KRW,round_trip_total,google_flights,
2026-09-18T15:51:17+09:00,ICN,KIX,2026-10-16,2026-10-23,7,326278,KRW,round_trip_total,google_flights,
2026-09-18T15:51:17+09:00,ICN,KIX,2026-10-17,2026-10-18,1,456900,KRW,round_trip_total,google_flights,
2026-09-18T15:51:17+09:00,ICN,KIX,2026-10-17,2026-10-19,2,356978,KRW,round_trip_total,google_flights,
2026-09-18T15:51:17+09:00,ICN,KIX,2026-10-17,2026-10-20,3,338600,KRW,round_trip_total,google_flights,
2026-09-18T15:51:17+09:00,ICN,KIX,2026-10-17,2026-10-21,4,297189,KRW,round_trip_total,google_flights,
2026-09-18T15:51:17+09:00,ICN,KIX,2026-10-17,2026-10-22,5,341900,KRW,round_trip_total,google_flights,
2026-09-18T15:51:17+09:00,ICN,KIX,2026-10-17,2026-10-23,6,394000,KRW,round_trip_total,google_flights,
2026-09-18T15:51:17+09:00,ICN,KIX,2026-10-17,2026-10-24,7,356978,KRW,round_trip_total,google_flights,
2026-09-18T15:51:17+09:00,ICN,KIX,2026-10-18,2026-10-19,1,351278,KRW,round_trip_total,google_flights,
2026-09-18T15:51:17+09:00,ICN,KIX,2026-10-18,2026-10-20,2,302040,KRW,round_trip_total,google_flights,
2026-09-18T15:51:17+09:00,ICN,KIX,2026-10-18,2026-10-21,3,291489,KRW,round_trip_total,google_flights,
2026-09-18T15:51:17+09:00,ICN,KIX,2026-10-18,2026-10-22,4,321900,KRW,round_trip_total,google_flights,
2026-09-18T15:51:17+09:00,ICN,KIX,2026-10-18,2026-10-23,5,351278,KRW,round_trip_total,google_flights,
2026-09-18T15:51:17+09:00,ICN,KIX,2026-10-18,2026-10-24,6,355000,KRW,round_trip_total,google_flights,
2026-09-18T15:51:17+09:00,ICN,KIX,2026-10-18,2026-10-25,7,354500,KRW,round_trip_total,google_flights,
2026-09-18T15:51:17+09:00,ICN,KIX,2026-10-19,2026-10-20,1,267040,KRW,round_trip_total,google_flights,저가
2026-09-18T15:51:17+09:00,ICN,KIX,2026-10-19,2026-10-21,2,256489,KRW,round_trip_total,google_flights,저가
2026-09-18T15:51:17+09:00,ICN,KIX,2026-10-19,2026-10-22,3,304848,KRW,round_trip_total,google_flights,
2026-09-18T15:51:17+09:00,ICN,KIX,2026-10-19,2026-10-23,4,316278,KRW,round_trip_total,google_flights,
2026-09-18T15:51:17+09:00,ICN,KIX,2026-10-19,2026-10-24,5,316278,KRW,round_trip_total,google_flights,
2026-09-18T15:51:17+09:00,ICN,KIX,2026-10-19,2026-10-25,6,340000,KRW,round_trip_total,google_flights,
2026-09-18T15:51:17+09:00,ICN,KIX,2026-10-19,2026-10-26,7,303969,KRW,round_trip_total,google_flights,
2026-09-18T15:51:17+09:00,ICN,KIX,2026-10-20,2026-10-21,1,219989,KRW,round_trip_total,google_flights,최저가
2026-09-18T15:51:17+09:00,ICN,KIX,2026-10-20,2026-10-22,2,249900,KRW,round_trip_total,google_flights,저가
2026-09-18T15:51:17+09:00,ICN,KIX,2026-10-20,2026-10-23,3,279778,KRW,round_trip_total,google_flights,
2026-09-18T15:51:17+09:00,ICN,KIX,2026-10-20,2026-10-24,4,279778,KRW,round_trip_total,google_flights,
2026-09-18T15:51:17+09:00,ICN,KIX,2026-10-20,2026-10-25,5,297363,KRW,round_trip_total,google_flights,
2026-09-18T15:51:17+09:00,ICN,KIX,2026-10-20,2026-10-26,6,269900,KRW,round_trip_total,google_flights,
2026-09-18T15:51:17+09:00,ICN,KIX,2026-10-20,2026-10-27,7,256600,KRW,round_trip_total,google_flights,저가
2026-09-18T15:51:17+09:00,ICN,KIX,2026-10-21,2026-10-22,1,270748,KRW,round_trip_total,google_flights,
2026-09-18T15:51:17+09:00,ICN,KIX,2026-10-21,2026-10-23,2,282178,KRW,round_trip_total,google_flights,
2026-09-18T15:51:17+09:00,ICN,KIX,2026-10-21,2026-10-24,3,282178,KRW,round_trip_total,google_flights,
2026-09-18T15:51:17+09:00,ICN,KIX,2026-10-21,2026-10-25,4,299763,KRW,round_trip_total,google_flights,
2026-09-18T15:51:17+09:00,ICN,KIX,2026-10-21,2026-10-26,5,269869,KRW,round_trip_total,google_flights,
2026-09-18T15:51:17+09:00,ICN,KIX,2026-10-21,2026-10-27,6,268600,KRW,round_trip_total,google_flights,
2026-09-18T15:51:17+09:00,ICN,KIX,2026-10-21,2026-10-28,7,246900,KRW,round_trip_total,google_flights,저가
2026-09-18T15:51:17+09:00,ICN,KIX,2026-10-22,2026-10-23,1,318178,KRW,round_trip_total,google_flights,
2026-09-18T15:51:17+09:00,ICN,KIX,2026-10-22,2026-10-24,2,318178,KRW,round_trip_total,google_flights,
2026-09-18T15:51:17+09:00,ICN,KIX,2026-10-22,2026-10-25,3,335763,KRW,round_trip_total,google_flights,
2026-09-18T15:51:17+09:00,ICN,KIX,2026-10-22,2026-10-26,4,305869,KRW,round_trip_total,google_flights,
2026-09-18T15:51:17+09:00,ICN,KIX,2026-10-22,2026-10-27,5,301473,KRW,round_trip_total,google_flights,
2026-09-18T15:51:17+09:00,ICN,KIX,2026-10-22,2026-10-28,6,271900,KRW,round_trip_total,google_flights,
2026-09-18T15:51:17+09:00,ICN,KIX,2026-10-22,2026-10-29,7,273336,KRW,round_trip_total,google_flights,
2026-09-18T15:51:17+09:00,ICN,KIX,2026-10-23,2026-10-24,1,351278,KRW,round_trip_total,google_flights,
2026-09-18T15:51:17+09:00,ICN,KIX,2026-10-23,2026-10-25,2,368863,KRW,round_trip_total,google_flights,
2026-09-18T15:51:17+09:00,ICN,KIX,2026-10-23,2026-10-26,3,338969,KRW,round_trip_total,google_flights,
2026-09-18T15:51:17+09:00,ICN,KIX,2026-10-23,2026-10-27,4,323600,KRW,round_trip_total,google_flights,
2026-09-18T15:51:17+09:00,ICN,KIX,2026-10-23,2026-10-28,5,301900,KRW,round_trip_total,google_flights,
2026-09-18T15:51:17+09:00,ICN,KIX,2026-10-23,2026-10-29,6,291800,KRW,round_trip_total,google_flights,
2026-09-18T15:51:17+09:00,ICN,KIX,2026-10-23,2026-10-30,7,302040,KRW,round_trip_total,google_flights,
2026-09-18T15:51:17+09:00,ICN,KIX,2026-10-24,2026-10-25,1,354500,KRW,round_trip_total,google_flights,
2026-09-18T15:51:17+09:00,ICN,KIX,2026-10-24,2026-10-26,2,341869,KRW,round_trip_total,google_flights,
2026-09-18T15:51:17+09:00,ICN,KIX,2026-10-24,2026-10-27,3,337473,KRW,round_trip_total,google_flights,
2026-09-18T15:51:17+09:00,ICN,KIX,2026-10-24,2026-10-28,4,311900,KRW,round_trip_total,google_flights,
2026-09-18T15:51:17+09:00,ICN,KIX,2026-10-24,2026-10-29,5,309336,KRW,round_trip_total,google_flights,
2026-09-18T15:51:17+09:00,ICN,KIX,2026-10-24,2026-10-30,6,304940,KRW,round_trip_total,google_flights,
2026-09-18T15:51:17+09:00,ICN,KIX,2026-10-24,2026-10-31,7,354178,KRW,round_trip_total,google_flights,
2026-09-18T15:51:17+09:00,ICN,KIX,2026-10-25,2026-10-26,1,282269,KRW,round_trip_total,google_flights,
2026-09-18T15:51:17+09:00,ICN,KIX,2026-10-25,2026-10-27,2,266900,KRW,round_trip_total,google_flights,
2026-09-18T15:51:17+09:00,ICN,KIX,2026-10-25,2026-10-28,3,245200,KRW,round_trip_total,google_flights,저가
2026-09-18T15:51:17+09:00,ICN,KIX,2026-10-25,2026-10-29,4,235100,KRW,round_trip_total,google_flights,저가
2026-09-18T15:51:17+09:00,ICN,KIX,2026-10-25,2026-10-30,5,245340,KRW,round_trip_total,google_flights,저가
2026-09-18T15:51:17+09:00,ICN,KIX,2026-10-25,2026-10-31,6,294578,KRW,round_trip_total,google_flights,
2026-09-18T15:51:17+09:00,ICN,KIX,2026-10-26,2026-10-27,1,257800,KRW,round_trip_total,google_flights,
2026-09-18T15:51:17+09:00,ICN,KIX,2026-10-26,2026-10-28,2,231900,KRW,round_trip_total,google_flights,저가
2026-09-18T15:51:17+09:00,ICN,KIX,2026-10-26,2026-10-29,3,226000,KRW,round_trip_total,google_flights,저가
2026-09-18T15:51:17+09:00,ICN,KIX,2026-10-26,2026-10-30,4,232940,KRW,round_trip_total,google_flights,저가
2026-09-18T15:51:17+09:00,ICN,KIX,2026-10-26,2026-10-31,5,282178,KRW,round_trip_total,google_flights,
2026-09-18T15:51:17+09:00,ICN,KIX,2026-10-27,2026-10-28,1,231900,KRW,round_trip_total,google_flights,저가
2026-09-18T15:51:17+09:00,ICN,KIX,2026-10-27,2026-10-29,2,221800,KRW,round_trip_total,google_flights,최저가
2026-09-18T15:51:17+09:00,ICN,KIX,2026-10-27,2026-10-30,3,227740,KRW,round_trip_total,google_flights,저가
2026-09-18T15:51:17+09:00,ICN,KIX,2026-10-27,2026-10-31,4,276978,KRW,round_trip_total,google_flights,
2026-09-18T15:51:17+09:00,ICN,KIX,2026-10-28,2026-10-29,1,225000,KRW,round_trip_total,google_flights,저가
2026-09-18T15:51:17+09:00,ICN,KIX,2026-10-28,2026-10-30,2,227740,KRW,round_trip_total,google_flights,저가
2026-09-18T15:51:17+09:00,ICN,KIX,2026-10-28,2026-10-31,3,276978,KRW,round_trip_total,google_flights,
2026-09-18T15:51:17+09:00,ICN,KIX,2026-10-29,2026-10-30,1,236240,KRW,round_trip_total,google_flights,저가
2026-09-18T15:51:17+09:00,ICN,KIX,2026-10-29,2026-10-31,2,285478,KRW,round_trip_total,google_flights,
2026-09-18T15:51:17+09:00,ICN,KIX,2026-10-30,2026-10-31,1,294178,KRW,round_trip_total,google_flights,
2026-09-18T15:56:12+09:00,ICN,KIX,2026-10-01,2026-10-02,1,326900,KRW,round_trip_total,google_flights,
2026-09-18T15:56:12+09:00,ICN,KIX,2026-10-01,2026-10-03,2,363000,KRW,round_trip_total,google_flights,
2026-09-18T15:56:12+09:00,ICN,KIX,2026-10-01,2026-10-04,3,397663,KRW,round_trip_total,google_flights,
2026-09-18T15:56:12+09:00,ICN,KIX,2026-10-01,2026-10-05,4,553700,KRW,round_trip_total,google_flights,
2026-09-18T15:56:12+09:00,ICN,KIX,2026-10-01,2026-10-06,5,397663,KRW,round_trip_total,google_flights,
2026-09-18T15:56:12+09:00,ICN,KIX,2026-10-01,2026-10-07,6,336900,KRW,round_trip_total,google_flights,
2026-09-18T15:56:12+09:00,ICN,KIX,2026-10-01,2026-10-08,7,376900,KRW,round_trip_total,google_flights,
2026-09-18T15:56:12+09:00,ICN,KIX,2026-10-02,2026-10-03,1,399300,KRW,round_trip_total,google_flights,
2026-09-18T15:56:12+09:00,ICN,KIX,2026-10-02,2026-10-04,2,432663,KRW,round_trip_total,google_flights,
2026-09-18T15:56:12+09:00,ICN,KIX,2026-10-02,2026-10-05,3,553121,KRW,round_trip_total,google_flights,
2026-09-18T15:56:12+09:00,ICN,KIX,2026-10-02,2026-10-06,4,432663,KRW,round_trip_total,google_flights,
2026-09-18T15:56:12+09:00,ICN,KIX,2026-10-02,2026-10-07,5,379300,KRW,round_trip_total,google_flights,
2026-09-18T15:56:12+09:00,ICN,KIX,2026-10-02,2026-10-08,6,426900,KRW,round_trip_total,google_flights,
2026-09-18T15:56:12+09:00,ICN,KIX,2026-10-02,2026-10-09,7,480500,KRW,round_trip_total,google_flights,
2026-09-18T15:56:12+09:00,ICN,KIX,2026-10-03,2026-10-04,1,452663,KRW,round_trip_total,google_flights,
2026-09-18T15:56:12+09:00,ICN,KIX,2026-10-03,2026-10-05,2,573121,KRW,round_trip_total,google_flights,
2026-09-18T15:56:12+09:00,ICN,KIX,2026-10-03,2026-10-06,3,452663,KRW,round_trip_total,google_flights,
2026-09-18T15:56:12+09:00,ICN,KIX,2026-10-03,2026-10-07,4,396391,KRW,round_trip_total,google_flights,
2026-09-18T15:56:12+09:00,ICN,KIX,2026-10-03,2026-10-08,5,434000,KRW,round_trip_total,google_flights,
2026-09-18T15:56:12+09:00,ICN,KIX,2026-10-03,2026-10-09,6,516900,KRW,round_trip_total,google_flights,
2026-09-18T15:56:12+09:00,ICN,KIX,2026-10-03,2026-10-10,7,571900,KRW,round_trip_total,google_flights,
2026-09-18T15:56:12+09:00,ICN,KIX,2026-10-04,2026-10-05,1,518121,KRW,round_trip_total,google_flights,
2026-09-18T15:56:12+09:00,ICN,KIX,2026-10-04,2026-10-06,2,397663,KRW,round_trip_total,google_flights,
2026-09-18T15:56:12+09:00,ICN,KIX,2026-10-04,2026-10-07,3,341391,KRW,round_trip_total,google_flights,
2026-09-18T15:56:12+09:00,ICN,KIX,2026-10-04,2026-10-08,4,379000,KRW,round_trip_total,google_flights,
2026-09-18T15:56:12+09:00,ICN,KIX,2026-10-04,2026-10-09,5,445500,KRW,round_trip_total,google_flights,
2026-09-18T15:56:12+09:00,ICN,KIX,2026-10-04,2026-10-10,6,509300,KRW,round_trip_total,google_flights,
2026-09-18T15:56:12+09:00,ICN,KIX,2026-10-04,2026-10-11,7,518121,KRW,round_trip_total,google_flights,
2026-09-18T15:56:12+09:00,ICN,KIX,2026-10-05,2026-10-06,1,359763,KRW,round_trip_total,google_flights,
2026-09-18T15:56:12+09:00,ICN,KIX,2026-10-05,2026-10-07,2,303491,KRW,round_trip_total,google_flights,
2026-09-18T15:56:12+09:00,ICN,KIX,2026-10-05,2026-10-08,3,351900,KRW,round_trip_total,google_flights,
2026-09-18T15:56:12+09:00,ICN,KIX,2026-10-05,2026-10-09,4,421900,KRW,round_trip_total,google_flights,
2026-09-18T15:56:12+09:00,ICN,KIX,2026-10-05,2026-10-10,5,476900,KRW,round_trip_total,google_flights,
2026-09-18T15:56:12+09:00,ICN,KIX,2026-10-05,2026-10-11,6,480221,KRW,round_trip_total,google_flights,
2026-09-18T15:56:12+09:00,ICN,KIX,2026-10-05,2026-10-12,7,406900,KRW,round_trip_total,google_flights,
2026-09-18T15:56:12+09:00,ICN,KIX,2026-10-06,2026-10-07,1,224900,KRW,round_trip_total,google_flights,최저가
2026-09-18T15:56:12+09:00,ICN,KIX,2026-10-06,2026-10-08,2,269900,KRW,round_trip_total,google_flights,저가
2026-09-18T15:56:12+09:00,ICN,KIX,2026-10-06,2026-10-09,3,341900,KRW,round_trip_total,google_flights,
2026-09-18T15:56:12+09:00,ICN,KIX,2026-10-06,2026-10-10,4,394300,KRW,round_trip_total,google_flights,
2026-09-18T15:56:12+09:00,ICN,KIX,2026-10-06,2026-10-11,5,410021,KRW,round_trip_total,google_flights,
2026-09-18T15:56:12+09:00,ICN,KIX,2026-10-06,2026-10-12,6,326900,KRW,round_trip_total,google_flights,
2026-09-18T15:56:12+09:00,ICN,KIX,2026-10-06,2026-10-13,7,261900,KRW,round_trip_total,google_flights,저가
2026-09-18T15:56:12+09:00,ICN,KIX,2026-10-07,2026-10-08,1,271900,KRW,round_trip_total,google_flights,저가
2026-09-18T15:56:12+09:00,ICN,KIX,2026-10-07,2026-10-09,2,341900,KRW,round_trip_total,google_flights,
2026-09-18T15:56:12+09:00,ICN,KIX,2026-10-07,2026-10-10,3,396900,KRW,round_trip_total,google_flights,
2026-09-18T15:56:12+09:00,ICN,KIX,2026-10-07,2026-10-11,4,415021,KRW,round_trip_total,google_flights,
2026-09-18T15:56:12+09:00,ICN,KIX,2026-10-07,2026-10-12,5,326900,KRW,round_trip_total,google_flights,
2026-09-18T15:56:12+09:00,ICN,KIX,2026-10-07,2026-10-13,6,261900,KRW,round_trip_total,google_flights,저가
2026-09-18T15:56:12+09:00,ICN,KIX,2026-10-07,2026-10-14,7,238291,KRW,round_trip_total,google_flights,저가
2026-09-18T15:56:12+09:00,ICN,KIX,2026-10-08,2026-10-09,1,461900,KRW,round_trip_total,google_flights,
2026-09-18T15:56:12+09:00,ICN,KIX,2026-10-08,2026-10-10,2,509300,KRW,round_trip_total,google_flights,
2026-09-18T15:56:12+09:00,ICN,KIX,2026-10-08,2026-10-11,3,522221,KRW,round_trip_total,google_flights,
2026-09-18T15:56:12+09:00,ICN,KIX,2026-10-08,2026-10-12,4,446900,KRW,round_trip_total,google_flights,
2026-09-18T15:56:12+09:00,ICN,KIX,2026-10-08,2026-10-13,5,371869,KRW,round_trip_total,google_flights,
2026-09-18T15:56:12+09:00,ICN,KIX,2026-10-08,2026-10-14,6,345491,KRW,round_trip_total,google_flights,
2026-09-18T15:56:12+09:00,ICN,KIX,2026-10-08,2026-10-15,7,361900,KRW,round_trip_total,google_flights,
2026-09-18T15:56:12+09:00,ICN,KIX,2026-10-09,2026-10-10,1,420221,KRW,round_trip_total,google_flights,
2026-09-18T15:56:12+09:00,ICN,KIX,2026-10-09,2026-10-11,2,420221,KRW,round_trip_total,google_flights,
2026-09-18T15:56:12+09:00,ICN,KIX,2026-10-09,2026-10-12,3,345836,KRW,round_trip_total,google_flights,
2026-09-18T15:56:12+09:00,ICN,KIX,2026-10-09,2026-10-13,4,269869,KRW,round_trip_total,google_flights,저가
2026-09-18T15:56:12+09:00,ICN,KIX,2026-10-09,2026-10-14,5,243491,KRW,round_trip_total,google_flights,최저가
2026-09-18T15:56:12+09:00,ICN,KIX,2026-10-09,2026-10-15,6,268990,KRW,round_trip_total,google_flights,저가
2026-09-18T15:56:12+09:00,ICN,KIX,2026-10-09,2026-10-16,7,297126,KRW,round_trip_total,google_flights,
2026-09-18T15:56:12+09:00,ICN,KIX,2026-10-10,2026-10-11,1,435021,KRW,round_trip_total,google_flights,
2026-09-18T15:56:12+09:00,ICN,KIX,2026-10-10,2026-10-12,2,356900,KRW,round_trip_total,google_flights,
2026-09-18T15:56:12+09:00,ICN,KIX,2026-10-10,2026-10-13,3,284669,KRW,round_trip_total,google_flights,저가
2026-09-18T15:56:12+09:00,ICN,KIX,2026-10-10,2026-10-14,4,258291,KRW,round_trip_total,google_flights,저가
2026-09-18T15:56:12+09:00,ICN,KIX,2026-10-10,2026-10-15,5,271900,KRW,round_trip_total,google_flights,저가
2026-09-18T15:56:12+09:00,ICN,KIX,2026-10-10,2026-10-16,6,311926,KRW,round_trip_total,google_flights,
2026-09-18T15:56:12+09:00,ICN,KIX,2026-10-10,2026-10-17,7,314563,KRW,round_trip_total,google_flights,
2026-09-18T15:56:12+09:00,ICN,KIX,2026-10-11,2026-10-12,1,356900,KRW,round_trip_total,google_flights,
2026-09-18T15:56:12+09:00,ICN,KIX,2026-10-11,2026-10-13,2,291900,KRW,round_trip_total,google_flights,저가
2026-09-18T15:56:12+09:00,ICN,KIX,2026-10-11,2026-10-14,3,267491,KRW,round_trip_total,google_flights,저가
2026-09-18T15:56:12+09:00,ICN,KIX,2026-10-11,2026-10-15,4,271900,KRW,round_trip_total,google_flights,저가
2026-09-18T15:56:12+09:00,ICN,KIX,2026-10-11,2026-10-16,5,321900,KRW,round_trip_total,google_flights,
2026-09-18T15:56:12+09:00,ICN,KIX,2026-10-11,2026-10-17,6,323763,KRW,round_trip_total,google_flights,
2026-09-18T15:56:12+09:00,ICN,KIX,2026-10-11,2026-10-18,7,396900,KRW,round_trip_total,google_flights,
2026-09-18T15:56:12+09:00,ICN,KIX,2026-10-12,2026-10-13,1,317869,KRW,round_trip_total,google_flights,
2026-09-18T15:56:12+09:00,ICN,KIX,2026-10-12,2026-10-14,2,291491,KRW,round_trip_total,google_flights,저가
2026-09-18T15:56:12+09:00,ICN,KIX,2026-10-12,2026-10-15,3,321900,KRW,round_trip_total,google_flights,
2026-09-18T15:56:12+09:00,ICN,KIX,2026-10-12,2026-10-16,4,345126,KRW,round_trip_total,google_flights,
2026-09-18T15:56:12+09:00,ICN,KIX,2026-10-12,2026-10-17,5,347763,KRW,round_trip_total,google_flights,
2026-09-18T15:56:12+09:00,ICN,KIX,2026-10-12,2026-10-18,6,434282,KRW,round_trip_total,google_flights,
2026-09-18T15:56:12+09:00,ICN,KIX,2026-10-12,2026-10-19,7,330178,KRW,round_trip_total,google_flights,
2026-09-18T15:56:12+09:00,ICN,KIX,2026-10-13,2026-10-14,1,243491,KRW,round_trip_total,google_flights,최저가
2026-09-18T15:56:12+09:00,ICN,KIX,2026-10-13,2026-10-15,2,261900,KRW,round_trip_total,google_flights,저가
2026-09-18T15:56:12+09:00,ICN,KIX,2026-10-13,2026-10-16,3,297126,KRW,round_trip_total,google_flights,
2026-09-18T15:56:12+09:00,ICN,KIX,2026-10-13,2026-10-17,4,299763,KRW,round_trip_total,google_flights,
2026-09-18T15:56:12+09:00,ICN,KIX,2026-10-13,2026-10-18,5,386900,KRW,round_trip_total,google_flights,
2026-09-18T15:56:12+09:00,ICN,KIX,2026-10-13,2026-10-19,6,282178,KRW,round_trip_total,google_flights,
2026-09-18T15:56:12+09:00,ICN,KIX,2026-10-13,2026-10-20,7,232940,KRW,round_trip_total,google_flights,저가
2026-09-18T15:56:12+09:00,ICN,KIX,2026-10-14,2026-10-15,1,261900,KRW,round_trip_total,google_flights,저가
2026-09-18T15:56:12+09:00,ICN,KIX,2026-10-14,2026-10-16,2,311900,KRW,round_trip_total,google_flights,
2026-09-18T15:56:12+09:00,ICN,KIX,2026-10-14,2026-10-17,3,311763,KRW,round_trip_total,google_flights,
2026-09-18T15:56:12+09:00,ICN,KIX,2026-10-14,2026-10-18,4,386900,KRW,round_trip_total,google_flights,
2026-09-18T15:56:12+09:00,ICN,KIX,2026-10-14,2026-10-19,5,294178,KRW,round_trip_total,google_flights,
2026-09-18T15:56:12+09:00,ICN,KIX,2026-10-14,2026-10-20,6,244940,KRW,round_trip_total,google_flights,저가
2026-09-18T15:56:12+09:00,ICN,KIX,2026-10-14,2026-10-21,7,234389,KRW,round_trip_total,google_flights,저가
2026-09-18T15:56:12+09:00,ICN,KIX,2026-10-15,2026-10-16,1,345000,KRW,round_trip_total,google_flights,
2026-09-18T15:56:12+09:00,ICN,KIX,2026-10-15,2026-10-17,2,345000,KRW,round_trip_total,google_flights,
2026-09-18T15:56:12+09:00,ICN,KIX,2026-10-15,2026-10-18,3,426900,KRW,round_trip_total,google_flights,
2026-09-18T15:56:12+09:00,ICN,KIX,2026-10-15,2026-10-19,4,326978,KRW,round_trip_total,google_flights,
2026-09-18T15:56:12+09:00,ICN,KIX,2026-10-15,2026-10-20,5,277740,KRW,round_trip_total,google_flights,
2026-09-18T15:56:12+09:00,ICN,KIX,2026-10-15,2026-10-21,6,267189,KRW,round_trip_total,google_flights,저가
2026-09-18T15:56:12+09:00,ICN,KIX,2026-10-15,2026-10-22,7,311900,KRW,round_trip_total,google_flights,
2026-09-18T15:56:12+09:00,ICN,KIX,2026-10-16,2026-10-17,1,343863,KRW,round_trip_total,google_flights,
2026-09-18T15:56:12+09:00,ICN,KIX,2026-10-16,2026-10-18,2,426900,KRW,round_trip_total,google_flights,
2026-09-18T15:56:12+09:00,ICN,KIX,2026-10-16,2026-10-19,3,326278,KRW,round_trip_total,google_flights,
2026-09-18T15:56:12+09:00,ICN,KIX,2026-10-16,2026-10-20,4,277040,KRW,round_trip_total,google_flights,
2026-09-18T15:56:12+09:00,ICN,KIX,2026-10-16,2026-10-21,5,266489,KRW,round_trip_total,google_flights,저가
2026-09-18T15:56:12+09:00,ICN,KIX,2026-10-16,2026-10-22,6,311900,KRW,round_trip_total,google_flights,
2026-09-18T15:56:12+09:00,ICN,KIX,2026-10-16,2026-10-23,7,326278,KRW,round_trip_total,google_flights,
2026-09-18T15:56:12+09:00,ICN,KIX,2026-10-17,2026-10-18,1,456900,KRW,round_trip_total,google_flights,
2026-09-18T15:56:12+09:00,ICN,KIX,2026-10-17,2026-10-19,2,356978,KRW,round_trip_total,google_flights,
2026-09-18T15:56:12+09:00,ICN,KIX,2026-10-17,2026-10-20,3,338600,KRW,round_trip_total,google_flights,
2026-09-18T15:56:12+09:00,ICN,KIX,2026-10-17,2026-10-21,4,297189,KRW,round_trip_total,google_flights,
2026-09-18T15:56:12+09:00,ICN,KIX,2026-10-17,2026-10-22,5,341900,KRW,round_trip_total,google_flights,
2026-09-18T15:56:12+09:00,ICN,KIX,2026-10-17,2026-10-23,6,394000,KRW,round_trip_total,google_flights,
2026-09-18T15:56:12+09:00,ICN,KIX,2026-10-17,2026-10-24,7,356978,KRW,round_trip_total,google_flights,
2026-09-18T15:56:12+09:00,ICN,KIX,2026-10-18,2026-10-19,1,351278,KRW,round_trip_total,google_flights,
2026-09-18T15:56:12+09:00,ICN,KIX,2026-10-18,2026-10-20,2,302040,KRW,round_trip_total,google_flights,
2026-09-18T15:56:12+09:00,ICN,KIX,2026-10-18,2026-10-21,3,291489,KRW,round_trip_total,google_flights,
2026-09-18T15:56:12+09:00,ICN,KIX,2026-10-18,2026-10-22,4,321900,KRW,round_trip_total,google_flights,
2026-09-18T15:56:12+09:00,ICN,KIX,2026-10-18,2026-10-23,5,351278,KRW,round_trip_total,google_flights,
2026-09-18T15:56:12+09:00,ICN,KIX,2026-10-18,2026-10-24,6,355000,KRW,round_trip_total,google_flights,
2026-09-18T15:56:12+09:00,ICN,KIX,2026-10-18,2026-10-25,7,354500,KRW,round_trip_total,google_flights,
2026-09-18T15:56:12+09:00,ICN,KIX,2026-10-19,2026-10-20,1,267040,KRW,round_trip_total,google_flights,저가
2026-09-18T15:56:12+09:00,ICN,KIX,2026-10-19,2026-10-21,2,256489,KRW,round_trip_total,google_flights,저가
2026-09-18T15:56:12+09:00,ICN,KIX,2026-10-19,2026-10-22,3,304848,KRW,round_trip_total,google_flights,
2026-09-18T15:56:12+09:00,ICN,KIX,2026-10-19,2026-10-23,4,316278,KRW,round_trip_total,google_flights,
2026-09-18T15:56:12+09:00,ICN,KIX,2026-10-19,2026-10-24,5,316278,KRW,round_trip_total,google_flights,
2026-09-18T15:56:12+09:00,ICN,KIX,2026-10-19,2026-10-25,6,340000,KRW,round_trip_total,google_flights,
2026-09-18T15:56:12+09:00,ICN,KIX,2026-10-19,2026-10-26,7,303969,KRW,round_trip_total,google_flights,
2026-09-18T15:56:12+09:00,ICN,KIX,2026-10-20,2026-10-21,1,219989,KRW,round_trip_total,google_flights,최저가
2026-09-18T15:56:12+09:00,ICN,KIX,2026-10-20,2026-10-22,2,249900,KRW,round_trip_total,google_flights,저가
2026-09-18T15:56:12+09:00,ICN,KIX,2026-10-20,2026-10-23,3,279778,KRW,round_trip_total,google_flights,
2026-09-18T15:56:12+09:00,ICN,KIX,2026-10-20,2026-10-24,4,279778,KRW,round_trip_total,google_flights,
2026-09-18T15:56:12+09:00,ICN,KIX,2026-10-20,2026-10-25,5,297363,KRW,round_trip_total,google_flights,
2026-09-18T15:56:12+09:00,ICN,KIX,2026-10-20,2026-10-26,6,269900,KRW,round_trip_total,google_flights,
2026-09-18T15:56:12+09:00,ICN,KIX,2026-10-20,2026-10-27,7,256600,KRW,round_trip_total,google_flights,저가
2026-09-18T15:56:12+09:00,ICN,KIX,2026-10-21,2026-10-22,1,270748,KRW,round_trip_total,google_flights,
2026-09-18T15:56:12+09:00,ICN,KIX,2026-10-21,2026-10-23,2,282178,KRW,round_trip_total,google_flights,
2026-09-18T15:56:12+09:00,ICN,KIX,2026-10-21,2026-10-24,3,282178,KRW,round_trip_total,google_flights,
2026-09-18T15:56:12+09:00,ICN,KIX,2026-10-21,2026-10-25,4,299763,KRW,round_trip_total,google_flights,
2026-09-18T15:56:12+09:00,ICN,KIX,2026-10-21,2026-10-26,5,269869,KRW,round_trip_total,google_flights,
2026-09-18T15:56:12+09:00,ICN,KIX,2026-10-21,2026-10-27,6,268600,KRW,round_trip_total,google_flights,
2026-09-18T15:56:12+09:00,ICN,KIX,2026-10-21,2026-10-28,7,246900,KRW,round_trip_total,google_flights,저가
2026-09-18T15:56:12+09:00,ICN,KIX,2026-10-22,2026-10-23,1,318178,KRW,round_trip_total,google_flights,
2026-09-18T15:56:12+09:00,ICN,KIX,2026-10-22,2026-10-24,2,318178,KRW,round_trip_total,google_flights,
2026-09-18T15:56:12+09:00,ICN,KIX,2026-10-22,2026-10-25,3,335763,KRW,round_trip_total,google_flights,
2026-09-18T15:56:12+09:00,ICN,KIX,2026-10-22,2026-10-26,4,305869,KRW,round_trip_total,google_flights,
2026-09-18T15:56:12+09:00,ICN,KIX,2026-10-22,2026-10-27,5,301473,KRW,round_trip_total,google_flights,
2026-09-18T15:56:12+09:00,ICN,KIX,2026-10-22,2026-10-28,6,271900,KRW,round_trip_total,google_flights,
2026-09-18T15:56:12+09:00,ICN,KIX,2026-10-22,2026-10-29,7,273336,KRW,round_trip_total,google_flights,
2026-09-18T15:56:12+09:00,ICN,KIX,2026-10-23,2026-10-24,1,351278,KRW,round_trip_total,google_flights,
2026-09-18T15:56:12+09:00,ICN,KIX,2026-10-23,2026-10-25,2,368863,KRW,round_trip_total,google_flights,
2026-09-18T15:56:12+09:00,ICN,KIX,2026-10-23,2026-10-26,3,338969,KRW,round_trip_total,google_flights,
2026-09-18T15:56:12+09:00,ICN,KIX,2026-10-23,2026-10-27,4,323600,KRW,round_trip_total,google_flights,
2026-09-18T15:56:12+09:00,ICN,KIX,2026-10-23,2026-10-28,5,301900,KRW,round_trip_total,google_flights,
2026-09-18T15:56:12+09:00,ICN,KIX,2026-10-23,2026-10-29,6,291800,KRW,round_trip_total,google_flights,
2026-09-18T15:56:12+09:00,ICN,KIX,2026-10-23,2026-10-30,7,302040,KRW,round_trip_total,google_flights,
2026-09-18T15:56:12+09:00,ICN,KIX,2026-10-24,2026-10-25,1,354500,KRW,round_trip_total,google_flights,
2026-09-18T15:56:12+09:00,ICN,KIX,2026-10-24,2026-10-26,2,341869,KRW,round_trip_total,google_flights,
2026-09-18T15:56:12+09:00,ICN,KIX,2026-10-24,2026-10-27,3,337473,KRW,round_trip_total,google_flights,
2026-09-18T15:56:12+09:00,ICN,KIX,2026-10-24,2026-10-28,4,311900,KRW,round_trip_total,google_flights,
2026-09-18T15:56:12+09:00,ICN,KIX,2026-10-24,2026-10-29,5,309336,KRW,round_trip_total,google_flights,
2026-09-18T15:56:12+09:00,ICN,KIX,2026-10-24,2026-10-30,6,304940,KRW,round_trip_total,google_flights,
2026-09-18T15:56:12+09:00,ICN,KIX,2026-10-24,2026-10-31,7,354178,KRW,round_trip_total,google_flights,
2026-09-18T15:56:12+09:00,ICN,KIX,2026-10-25,2026-10-26,1,282269,KRW,round_trip_total,google_flights,
2026-09-18T15:56:12+09:00,ICN,KIX,2026-10-25,2026-10-27,2,266900,KRW,round_trip_total,google_flights,
2026-09-18T15:56:12+09:00,ICN,KIX,2026-10-25,2026-10-28,3,245200,KRW,round_trip_total,google_flights,저가
2026-09-18T15:56:12+09:00,ICN,KIX,2026-10-25,2026-10-29,4,235100,KRW,round_trip_total,google_flights,저가
2026-09-18T15:56:12+09:00,ICN,KIX,2026-10-25,2026-10-30,5,245340,KRW,round_trip_total,google_flights,저가
2026-09-18T15:56:12+09:00,ICN,KIX,2026-10-25,2026-10-31,6,294578,KRW,round_trip_total,google_flights,
2026-09-18T15:56:12+09:00,ICN,KIX,2026-10-26,2026-10-27,1,257800,KRW,round_trip_total,google_flights,
2026-09-18T15:56:12+09:00,ICN,KIX,2026-10-26,2026-10-28,2,231900,KRW,round_trip_total,google_flights,저가
2026-09-18T15:56:12+09:00,ICN,KIX,2026-10-26,2026-10-29,3,226000,KRW,round_trip_total,google_flights,저가
2026-09-18T15:56:12+09:00,ICN,KIX,2026-10-26,2026-10-30,4,232940,KRW,round_trip_total,google_flights,저가
2026-09-18T15:56:12+09:00,ICN,KIX,2026-10-26,2026-10-31,5,282178,KRW,round_trip_total,google_flights,
2026-09-18T15:56:12+09:00,ICN,KIX,2026-10-27,2026-10-28,1,231900,KRW,round_trip_total,google_flights,저가
2026-09-18T15:56:12+09:00,ICN,KIX,2026-10-27,2026-10-29,2,221800,KRW,round_trip_total,google_flights,최저가
2026-09-18T15:56:12+09:00,ICN,KIX,2026-10-27,2026-10-30,3,227740,KRW,round_trip_total,google_flights,저가
2026-09-18T15:56:12+09:00,ICN,KIX,2026-10-27,2026-10-31,4,276978,KRW,round_trip_total,google_flights,
2026-09-18T15:56:12+09:00,ICN,KIX,2026-10-28,2026-10-29,1,225000,KRW,round_trip_total,google_flights,저가
2026-09-18T15:56:12+09:00,ICN,KIX,2026-10-28,2026-10-30,2,227740,KRW,round_trip_total,google_flights,저가
2026-09-18T15:56:12+09:00,ICN,KIX,2026-10-28,2026-10-31,3,276978,KRW,round_trip_total,google_flights,
2026-09-18T15:56:12+09:00,ICN,KIX,2026-10-29,2026-10-30,1,236240,KRW,round_trip_total,google_flights,저가
2026-09-18T15:56:12+09:00,ICN,KIX,2026-10-29,2026-10-31,2,285478,KRW,round_trip_total,google_flights,
2026-09-18T15:56:12+09:00,ICN,KIX,2026-10-30,2026-10-31,1,294178,KRW,round_trip_total,google_flights,
2026-09-18T16:14:19+09:00,ICN,KIX,2026-10-01,2026-10-02,1,323000,KRW,round_trip_total,google_flights,
2026-09-18T16:14:19+09:00,ICN,KIX,2026-10-01,2026-10-03,2,363000,KRW,round_trip_total,google_flights,
2026-09-18T16:14:19+09:00,ICN,KIX,2026-10-01,2026-10-04,3,397663,KRW,round_trip_total,google_flights,
2026-09-18T16:14:19+09:00,ICN,KIX,2026-10-01,2026-10-05,4,553700,KRW,round_trip_total,google_flights,
2026-09-18T16:14:19+09:00,ICN,KIX,2026-10-01,2026-10-06,5,397663,KRW,round_trip_total,google_flights,
2026-09-18T16:14:19+09:00,ICN,KIX,2026-10-01,2026-10-07,6,336900,KRW,round_trip_total,google_flights,
2026-09-18T16:14:19+09:00,ICN,KIX,2026-10-01,2026-10-08,7,376900,KRW,round_trip_total,google_flights,
2026-09-18T16:14:19+09:00,ICN,KIX,2026-10-02,2026-10-03,1,399300,KRW,round_trip_total,google_flights,
2026-09-18T16:14:19+09:00,ICN,KIX,2026-10-02,2026-10-04,2,432663,KRW,round_trip_total,google_flights,
2026-09-18T16:14:19+09:00,ICN,KIX,2026-10-02,2026-10-05,3,553121,KRW,round_trip_total,google_flights,
2026-09-18T16:14:19+09:00,ICN,KIX,2026-10-02,2026-10-06,4,432663,KRW,round_trip_total,google_flights,
2026-09-18T16:14:19+09:00,ICN,KIX,2026-10-02,2026-10-07,5,379300,KRW,round_trip_total,google_flights,
2026-09-18T16:14:19+09:00,ICN,KIX,2026-10-02,2026-10-08,6,426900,KRW,round_trip_total,google_flights,
2026-09-18T16:14:19+09:00,ICN,KIX,2026-10-02,2026-10-09,7,480500,KRW,round_trip_total,google_flights,
2026-09-18T16:14:19+09:00,ICN,KIX,2026-10-03,2026-10-04,1,432663,KRW,round_trip_total,google_flights,
2026-09-18T16:14:19+09:00,ICN,KIX,2026-10-03,2026-10-05,2,553121,KRW,round_trip_total,google_flights,
2026-09-18T16:14:19+09:00,ICN,KIX,2026-10-03,2026-10-06,3,432663,KRW,round_trip_total,google_flights,
2026-09-18T16:14:19+09:00,ICN,KIX,2026-10-03,2026-10-07,4,376391,KRW,round_trip_total,google_flights,
2026-09-18T16:14:19+09:00,ICN,KIX,2026-10-03,2026-10-08,5,414000,KRW,round_trip_total,google_flights,
2026-09-18T16:14:19+09:00,ICN,KIX,2026-10-03,2026-10-09,6,509158,KRW,round_trip_total,google_flights,
2026-09-18T16:14:19+09:00,ICN,KIX,2026-10-03,2026-10-10,7,557000,KRW,round_trip_total,google_flights,
2026-09-18T16:14:19+09:00,ICN,KIX,2026-10-04,2026-10-05,1,518121,KRW,round_trip_total,google_flights,
2026-09-18T16:14:19+09:00,ICN,KIX,2026-10-04,2026-10-06,2,397663,KRW,round_trip_total,google_flights,
2026-09-18T16:14:19+09:00,ICN,KIX,2026-10-04,2026-10-07,3,341391,KRW,round_trip_total,google_flights,
2026-09-18T16:14:19+09:00,ICN,KIX,2026-10-04,2026-10-08,4,379000,KRW,round_trip_total,google_flights,
2026-09-18T16:14:19+09:00,ICN,KIX,2026-10-04,2026-10-09,5,445500,KRW,round_trip_total,google_flights,
2026-09-18T16:14:19+09:00,ICN,KIX,2026-10-04,2026-10-10,6,509300,KRW,round_trip_total,google_flights,
2026-09-18T16:14:19+09:00,ICN,KIX,2026-10-04,2026-10-11,7,518121,KRW,round_trip_total,google_flights,
2026-09-18T16:14:19+09:00,ICN,KIX,2026-10-05,2026-10-06,1,359763,KRW,round_trip_total,google_flights,
2026-09-18T16:14:19+09:00,ICN,KIX,2026-10-05,2026-10-07,2,303491,KRW,round_trip_total,google_flights,
2026-09-18T16:14:19+09:00,ICN,KIX,2026-10-05,2026-10-08,3,351900,KRW,round_trip_total,google_flights,
2026-09-18T16:14:19+09:00,ICN,KIX,2026-10-05,2026-10-09,4,421900,KRW,round_trip_total,google_flights,
2026-09-18T16:14:19+09:00,ICN,KIX,2026-10-05,2026-10-10,5,476900,KRW,round_trip_total,google_flights,
2026-09-18T16:14:19+09:00,ICN,KIX,2026-10-05,2026-10-11,6,480221,KRW,round_trip_total,google_flights,
2026-09-18T16:14:19+09:00,ICN,KIX,2026-10-05,2026-10-12,7,406900,KRW,round_trip_total,google_flights,
2026-09-18T16:14:19+09:00,ICN,KIX,2026-10-06,2026-10-07,1,224900,KRW,round_trip_total,google_flights,최저가
2026-09-18T16:14:19+09:00,ICN,KIX,2026-10-06,2026-10-08,2,269900,KRW,round_trip_total,google_flights,저가
2026-09-18T16:14:19+09:00,ICN,KIX,2026-10-06,2026-10-09,3,341900,KRW,round_trip_total,google_flights,
2026-09-18T16:14:19+09:00,ICN,KIX,2026-10-06,2026-10-10,4,394300,KRW,round_trip_total,google_flights,
2026-09-18T16:14:19+09:00,ICN,KIX,2026-10-06,2026-10-11,5,410021,KRW,round_trip_total,google_flights,
2026-09-18T16:14:19+09:00,ICN,KIX,2026-10-06,2026-10-12,6,326900,KRW,round_trip_total,google_flights,
2026-09-18T16:14:19+09:00,ICN,KIX,2026-10-06,2026-10-13,7,261900,KRW,round_trip_total,google_flights,저가
2026-09-18T16:14:19+09:00,ICN,KIX,2026-10-07,2026-10-08,1,271900,KRW,round_trip_total,google_flights,저가
2026-09-18T16:14:19+09:00,ICN,KIX,2026-10-07,2026-10-09,2,341900,KRW,round_trip_total,google_flights,
2026-09-18T16:14:19+09:00,ICN,KIX,2026-10-07,2026-10-10,3,396900,KRW,round_trip_total,google_flights,
2026-09-18T16:14:19+09:00,ICN,KIX,2026-10-07,2026-10-11,4,415021,KRW,round_trip_total,google_flights,
2026-09-18T16:14:19+09:00,ICN,KIX,2026-10-07,2026-10-12,5,326900,KRW,round_trip_total,google_flights,
2026-09-18T16:14:19+09:00,ICN,KIX,2026-10-07,2026-10-13,6,261900,KRW,round_trip_total,google_flights,저가
2026-09-18T16:14:19+09:00,ICN,KIX,2026-10-07,2026-10-14,7,238291,KRW,round_trip_total,google_flights,저가
2026-09-18T16:14:19+09:00,ICN,KIX,2026-10-08,2026-10-09,1,461900,KRW,round_trip_total,google_flights,
2026-09-18T16:14:19+09:00,ICN,KIX,2026-10-08,2026-10-10,2,509300,KRW,round_trip_total,google_flights,
2026-09-18T16:14:19+09:00,ICN,KIX,2026-10-08,2026-10-11,3,522221,KRW,round_trip_total,google_flights,
2026-09-18T16:14:19+09:00,ICN,KIX,2026-10-08,2026-10-12,4,446900,KRW,round_trip_total,google_flights,
2026-09-18T16:14:19+09:00,ICN,KIX,2026-10-08,2026-10-13,5,371869,KRW,round_trip_total,google_flights,
2026-09-18T16:14:19+09:00,ICN,KIX,2026-10-08,2026-10-14,6,345491,KRW,round_trip_total,google_flights,
2026-09-18T16:14:19+09:00,ICN,KIX,2026-10-08,2026-10-15,7,361900,KRW,round_trip_total,google_flights,
2026-09-18T16:14:19+09:00,ICN,KIX,2026-10-09,2026-10-10,1,420221,KRW,round_trip_total,google_flights,
2026-09-18T16:14:19+09:00,ICN,KIX,2026-10-09,2026-10-11,2,420221,KRW,round_trip_total,google_flights,
2026-09-18T16:14:19+09:00,ICN,KIX,2026-10-09,2026-10-12,3,358673,KRW,round_trip_total,google_flights,
2026-09-18T16:14:19+09:00,ICN,KIX,2026-10-09,2026-10-13,4,269869,KRW,round_trip_total,google_flights,저가
2026-09-18T16:14:19+09:00,ICN,KIX,2026-10-09,2026-10-14,5,243491,KRW,round_trip_total,google_flights,최저가
2026-09-18T16:14:19+09:00,ICN,KIX,2026-10-09,2026-10-15,6,268990,KRW,round_trip_total,google_flights,저가
2026-09-18T16:14:19+09:00,ICN,KIX,2026-10-09,2026-10-16,7,297126,KRW,round_trip_total,google_flights,
2026-09-18T16:14:19+09:00,ICN,KIX,2026-10-10,2026-10-11,1,435021,KRW,round_trip_total,google_flights,
2026-09-18T16:14:19+09:00,ICN,KIX,2026-10-10,2026-10-12,2,356900,KRW,round_trip_total,google_flights,
2026-09-18T16:14:19+09:00,ICN,KIX,2026-10-10,2026-10-13,3,284669,KRW,round_trip_total,google_flights,저가
2026-09-18T16:14:19+09:00,ICN,KIX,2026-10-10,2026-10-14,4,258291,KRW,round_trip_total,google_flights,저가
2026-09-18T16:14:19+09:00,ICN,KIX,2026-10-10,2026-10-15,5,271900,KRW,round_trip_total,google_flights,저가
2026-09-18T16:14:19+09:00,ICN,KIX,2026-10-10,2026-10-16,6,311926,KRW,round_trip_total,google_flights,
2026-09-18T16:14:19+09:00,ICN,KIX,2026-10-10,2026-10-17,7,314563,KRW,round_trip_total,google_flights,
2026-09-18T16:14:19+09:00,ICN,KIX,2026-10-11,2026-10-12,1,356900,KRW,round_trip_total,google_flights,
2026-09-18T16:14:19+09:00,ICN,KIX,2026-10-11,2026-10-13,2,291900,KRW,round_trip_total,google_flights,저가
2026-09-18T16:14:19+09:00,ICN,KIX,2026-10-11,2026-10-14,3,267491,KRW,round_trip_total,google_flights,저가
2026-09-18T16:14:19+09:00,ICN,KIX,2026-10-11,2026-10-15,4,271900,KRW,round_trip_total,google_flights,저가
2026-09-18T16:14:19+09:00,ICN,KIX,2026-10-11,2026-10-16,5,321900,KRW,round_trip_total,google_flights,
2026-09-18T16:14:19+09:00,ICN,KIX,2026-10-11,2026-10-17,6,323763,KRW,round_trip_total,google_flights,
2026-09-18T16:14:19+09:00,ICN,KIX,2026-10-11,2026-10-18,7,396900,KRW,round_trip_total,google_flights,
2026-09-18T16:14:19+09:00,ICN,KIX,2026-10-12,2026-10-13,1,317869,KRW,round_trip_total,google_flights,
2026-09-18T16:14:19+09:00,ICN,KIX,2026-10-12,2026-10-14,2,291491,KRW,round_trip_total,google_flights,저가
2026-09-18T16:14:19+09:00,ICN,KIX,2026-10-12,2026-10-15,3,321900,KRW,round_trip_total,google_flights,
2026-09-18T16:14:19+09:00,ICN,KIX,2026-10-12,2026-10-16,4,345126,KRW,round_trip_total,google_flights,
2026-09-18T16:14:19+09:00,ICN,KIX,2026-10-12,2026-10-17,5,347763,KRW,round_trip_total,google_flights,
2026-09-18T16:14:19+09:00,ICN,KIX,2026-10-12,2026-10-18,6,422500,KRW,round_trip_total,google_flights,
2026-09-18T16:14:19+09:00,ICN,KIX,2026-10-12,2026-10-19,7,330178,KRW,round_trip_total,google_flights,
2026-09-18T16:14:19+09:00,ICN,KIX,2026-10-13,2026-10-14,1,243491,KRW,round_trip_total,google_flights,최저가
2026-09-18T16:14:19+09:00,ICN,KIX,2026-10-13,2026-10-15,2,261900,KRW,round_trip_total,google_flights,저가
2026-09-18T16:14:19+09:00,ICN,KIX,2026-10-13,2026-10-16,3,297126,KRW,round_trip_total,google_flights,
2026-09-18T16:14:19+09:00,ICN,KIX,2026-10-13,2026-10-17,4,299763,KRW,round_trip_total,google_flights,
2026-09-18T16:14:19+09:00,ICN,KIX,2026-10-13,2026-10-18,5,374500,KRW,round_trip_total,google_flights,
2026-09-18T16:14:19+09:00,ICN,KIX,2026-10-13,2026-10-19,6,282178,KRW,round_trip_total,google_flights,
2026-09-18T16:14:19+09:00,ICN,KIX,2026-10-13,2026-10-20,7,232940,KRW,round_trip_total,google_flights,저가
2026-09-18T16:14:19+09:00,ICN,KIX,2026-10-14,2026-10-15,1,261900,KRW,round_trip_total,google_flights,저가
2026-09-18T16:14:19+09:00,ICN,KIX,2026-10-14,2026-10-16,2,311900,KRW,round_trip_total,google_flights,
2026-09-18T16:14:19+09:00,ICN,KIX,2026-10-14,2026-10-17,3,311763,KRW,round_trip_total,google_flights,
2026-09-18T16:14:19+09:00,ICN,KIX,2026-10-14,2026-10-18,4,386900,KRW,round_trip_total,google_flights,
2026-09-18T16:14:19+09:00,ICN,KIX,2026-10-14,2026-10-19,5,294178,KRW,round_trip_total,google_flights,
2026-09-18T16:14:19+09:00,ICN,KIX,2026-10-14,2026-10-20,6,244940,KRW,round_trip_total,google_flights,저가
2026-09-18T16:14:19+09:00,ICN,KIX,2026-10-14,2026-10-21,7,234389,KRW,round_trip_total,google_flights,저가
2026-09-18T16:14:19+09:00,ICN,KIX,2026-10-15,2026-10-16,1,345000,KRW,round_trip_total,google_flights,
2026-09-18T16:14:19+09:00,ICN,KIX,2026-10-15,2026-10-17,2,345000,KRW,round_trip_total,google_flights,
2026-09-18T16:14:19+09:00,ICN,KIX,2026-10-15,2026-10-18,3,426900,KRW,round_trip_total,google_flights,
2026-09-18T16:14:19+09:00,ICN,KIX,2026-10-15,2026-10-19,4,326978,KRW,round_trip_total,google_flights,
2026-09-18T16:14:19+09:00,ICN,KIX,2026-10-15,2026-10-20,5,277740,KRW,round_trip_total,google_flights,
2026-09-18T16:14:19+09:00,ICN,KIX,2026-10-15,2026-10-21,6,267189,KRW,round_trip_total,google_flights,저가
2026-09-18T16:14:19+09:00,ICN,KIX,2026-10-15,2026-10-22,7,311900,KRW,round_trip_total,google_flights,
2026-09-18T16:14:19+09:00,ICN,KIX,2026-10-16,2026-10-17,1,343863,KRW,round_trip_total,google_flights,
2026-09-18T16:14:19+09:00,ICN,KIX,2026-10-16,2026-10-18,2,426900,KRW,round_trip_total,google_flights,
2026-09-18T16:14:19+09:00,ICN,KIX,2026-10-16,2026-10-19,3,326278,KRW,round_trip_total,google_flights,
2026-09-18T16:14:19+09:00,ICN,KIX,2026-10-16,2026-10-20,4,277040,KRW,round_trip_total,google_flights,
2026-09-18T16:14:19+09:00,ICN,KIX,2026-10-16,2026-10-21,5,266489,KRW,round_trip_total,google_flights,저가
2026-09-18T16:14:19+09:00,ICN,KIX,2026-10-16,2026-10-22,6,311900,KRW,round_trip_total,google_flights,
2026-09-18T16:14:19+09:00,ICN,KIX,2026-10-16,2026-10-23,7,326278,KRW,round_trip_total,google_flights,
2026-09-18T16:14:19+09:00,ICN,KIX,2026-10-17,2026-10-18,1,456900,KRW,round_trip_total,google_flights,
2026-09-18T16:14:19+09:00,ICN,KIX,2026-10-17,2026-10-19,2,355078,KRW,round_trip_total,google_flights,
2026-09-18T16:14:19+09:00,ICN,KIX,2026-10-17,2026-10-20,3,338600,KRW,round_trip_total,google_flights,
2026-09-18T16:14:19+09:00,ICN,KIX,2026-10-17,2026-10-21,4,295289,KRW,round_trip_total,google_flights,
2026-09-18T16:14:19+09:00,ICN,KIX,2026-10-17,2026-10-22,5,340500,KRW,round_trip_total,google_flights,
2026-09-18T16:14:19+09:00,ICN,KIX,2026-10-17,2026-10-23,6,355500,KRW,round_trip_total,google_flights,
2026-09-18T16:14:19+09:00,ICN,KIX,2026-10-17,2026-10-24,7,355078,KRW,round_trip_total,google_flights,
2026-09-18T16:14:19+09:00,ICN,KIX,2026-10-18,2026-10-19,1,376700,KRW,round_trip_total,google_flights,
2026-09-18T16:14:19+09:00,ICN,KIX,2026-10-18,2026-10-20,2,302040,KRW,round_trip_total,google_flights,
2026-09-18T16:14:19+09:00,ICN,KIX,2026-10-18,2026-10-21,3,291489,KRW,round_trip_total,google_flights,
2026-09-18T16:14:19+09:00,ICN,KIX,2026-10-18,2026-10-22,4,321900,KRW,round_trip_total,google_flights,
2026-09-18T16:14:19+09:00,ICN,KIX,2026-10-18,2026-10-23,5,351278,KRW,round_trip_total,google_flights,
2026-09-18T16:14:19+09:00,ICN,KIX,2026-10-18,2026-10-24,6,355000,KRW,round_trip_total,google_flights,
2026-09-18T16:14:19+09:00,ICN,KIX,2026-10-18,2026-10-25,7,354500,KRW,round_trip_total,google_flights,
2026-09-18T16:14:19+09:00,ICN,KIX,2026-10-19,2026-10-20,1,268940,KRW,round_trip_total,google_flights,저가
2026-09-18T16:14:19+09:00,ICN,KIX,2026-10-19,2026-10-21,2,258389,KRW,round_trip_total,google_flights,저가
2026-09-18T16:14:19+09:00,ICN,KIX,2026-10-19,2026-10-22,3,311900,KRW,round_trip_total,google_flights,
2026-09-18T16:14:19+09:00,ICN,KIX,2026-10-19,2026-10-23,4,318178,KRW,round_trip_total,google_flights,
2026-09-18T16:14:19+09:00,ICN,KIX,2026-10-19,2026-10-24,5,318178,KRW,round_trip_total,google_flights,
2026-09-18T16:14:19+09:00,ICN,KIX,2026-10-19,2026-10-25,6,340000,KRW,round_trip_total,google_flights,
2026-09-18T16:14:19+09:00,ICN,KIX,2026-10-19,2026-10-26,7,305869,KRW,round_trip_total,google_flights,
2026-09-18T16:14:19+09:00,ICN,KIX,2026-10-20,2026-10-21,1,219989,KRW,round_trip_total,google_flights,최저가
2026-09-18T16:14:19+09:00,ICN,KIX,2026-10-20,2026-10-22,2,249900,KRW,round_trip_total,google_flights,저가
2026-09-18T16:14:19+09:00,ICN,KIX,2026-10-20,2026-10-23,3,279778,KRW,round_trip_total,google_flights,
2026-09-18T16:14:19+09:00,ICN,KIX,2026-10-20,2026-10-24,4,279778,KRW,round_trip_total,google_flights,
2026-09-18T16:14:19+09:00,ICN,KIX,2026-10-20,2026-10-25,5,297363,KRW,round_trip_total,google_flights,
2026-09-18T16:14:19+09:00,ICN,KIX,2026-10-20,2026-10-26,6,269900,KRW,round_trip_total,google_flights,
2026-09-18T16:14:19+09:00,ICN,KIX,2026-10-20,2026-10-27,7,256600,KRW,round_trip_total,google_flights,
2026-09-18T16:14:19+09:00,ICN,KIX,2026-10-21,2026-10-22,1,270748,KRW,round_trip_total,google_flights,
2026-09-18T16:14:19+09:00,ICN,KIX,2026-10-21,2026-10-23,2,282178,KRW,round_trip_total,google_flights,
2026-09-18T16:14:19+09:00,ICN,KIX,2026-10-21,2026-10-24,3,282178,KRW,round_trip_total,google_flights,
2026-09-18T16:14:19+09:00,ICN,KIX,2026-10-21,2026-10-25,4,299763,KRW,round_trip_total,google_flights,
2026-09-18T16:14:19+09:00,ICN,KIX,2026-10-21,2026-10-26,5,269869,KRW,round_trip_total,google_flights,
2026-09-18T16:14:19+09:00,ICN,KIX,2026-10-21,2026-10-27,6,268600,KRW,round_trip_total,google_flights,
2026-09-18T16:14:19+09:00,ICN,KIX,2026-10-21,2026-10-28,7,246900,KRW,round_trip_total,google_flights,저가
2026-09-18T16:14:19+09:00,ICN,KIX,2026-10-22,2026-10-23,1,318178,KRW,round_trip_total,google_flights,
2026-09-18T16:14:19+09:00,ICN,KIX,2026-10-22,2026-10-24,2,318178,KRW,round_trip_total,google_flights,
2026-09-18T16:14:19+09:00,ICN,KIX,2026-10-22,2026-10-25,3,335763,KRW,round_trip_total,google_flights,
2026-09-18T16:14:19+09:00,ICN,KIX,2026-10-22,2026-10-26,4,305869,KRW,round_trip_total,google_flights,
2026-09-18T16:14:19+09:00,ICN,KIX,2026-10-22,2026-10-27,5,301473,KRW,round_trip_total,google_flights,
2026-09-18T16:14:19+09:00,ICN,KIX,2026-10-22,2026-10-28,6,271900,KRW,round_trip_total,google_flights,
2026-09-18T16:14:19+09:00,ICN,KIX,2026-10-22,2026-10-29,7,273336,KRW,round_trip_total,google_flights,
2026-09-18T16:14:19+09:00,ICN,KIX,2026-10-23,2026-10-24,1,351278,KRW,round_trip_total,google_flights,
2026-09-18T16:14:19+09:00,ICN,KIX,2026-10-23,2026-10-25,2,368863,KRW,round_trip_total,google_flights,
2026-09-18T16:14:19+09:00,ICN,KIX,2026-10-23,2026-10-26,3,338969,KRW,round_trip_total,google_flights,
2026-09-18T16:14:19+09:00,ICN,KIX,2026-10-23,2026-10-27,4,323600,KRW,round_trip_total,google_flights,
2026-09-18T16:14:19+09:00,ICN,KIX,2026-10-23,2026-10-28,5,301900,KRW,round_trip_total,google_flights,
2026-09-18T16:14:19+09:00,ICN,KIX,2026-10-23,2026-10-29,6,291800,KRW,round_trip_total,google_flights,
2026-09-18T16:14:19+09:00,ICN,KIX,2026-10-23,2026-10-30,7,302040,KRW,round_trip_total,google_flights,
2026-09-18T16:14:19+09:00,ICN,KIX,2026-10-24,2026-10-25,1,354500,KRW,round_trip_total,google_flights,
2026-09-18T16:14:19+09:00,ICN,KIX,2026-10-24,2026-10-26,2,341869,KRW,round_trip_total,google_flights,
2026-09-18T16:14:19+09:00,ICN,KIX,2026-10-24,2026-10-27,3,337473,KRW,round_trip_total,google_flights,
2026-09-18T16:14:19+09:00,ICN,KIX,2026-10-24,2026-10-28,4,311900,KRW,round_trip_total,google_flights,
2026-09-18T16:14:19+09:00,ICN,KIX,2026-10-24,2026-10-29,5,309336,KRW,round_trip_total,google_flights,
2026-09-18T16:14:19+09:00,ICN,KIX,2026-10-24,2026-10-30,6,304940,KRW,round_trip_total,google_flights,
2026-09-18T16:14:19+09:00,ICN,KIX,2026-10-24,2026-10-31,7,355000,KRW,round_trip_total,google_flights,
2026-09-18T16:14:19+09:00,ICN,KIX,2026-10-25,2026-10-26,1,282269,KRW,round_trip_total,google_flights,
2026-09-18T16:14:19+09:00,ICN,KIX,2026-10-25,2026-10-27,2,266900,KRW,round_trip_total,google_flights,
2026-09-18T16:14:19+09:00,ICN,KIX,2026-10-25,2026-10-28,3,245200,KRW,round_trip_total,google_flights,저가
2026-09-18T16:14:19+09:00,ICN,KIX,2026-10-25,2026-10-29,4,235100,KRW,round_trip_total,google_flights,저가
2026-09-18T16:14:19+09:00,ICN,KIX,2026-10-25,2026-10-30,5,245340,KRW,round_trip_total,google_flights,저가
2026-09-18T16:14:19+09:00,ICN,KIX,2026-10-25,2026-10-31,6,289654,KRW,round_trip_total,google_flights,
2026-09-18T16:14:19+09:00,ICN,KIX,2026-10-26,2026-10-27,1,257800,KRW,round_trip_total,google_flights,
2026-09-18T16:14:19+09:00,ICN,KIX,2026-10-26,2026-10-28,2,231900,KRW,round_trip_total,google_flights,저가
2026-09-18T16:14:19+09:00,ICN,KIX,2026-10-26,2026-10-29,3,226000,KRW,round_trip_total,google_flights,저가
2026-09-18T16:14:19+09:00,ICN,KIX,2026-10-26,2026-10-30,4,232940,KRW,round_trip_total,google_flights,저가
2026-09-18T16:14:19+09:00,ICN,KIX,2026-10-26,2026-10-31,5,277254,KRW,round_trip_total,google_flights,
2026-09-18T16:14:19+09:00,ICN,KIX,2026-10-27,2026-10-28,1,231900,KRW,round_trip_total,google_flights,저가
2026-09-18T16:14:19+09:00,ICN,KIX,2026-10-27,2026-10-29,2,221800,KRW,round_trip_total,google_flights,최저가
2026-09-18T16:14:19+09:00,ICN,KIX,2026-10-27,2026-10-30,3,227740,KRW,round_trip_total,google_flights,저가
2026-09-18T16:14:19+09:00,ICN,KIX,2026-10-27,2026-10-31,4,272054,KRW,round_trip_total,google_flights,
2026-09-18T16:14:19+09:00,ICN,KIX,2026-10-28,2026-10-29,1,225000,KRW,round_trip_total,google_flights,저가
2026-09-18T16:14:19+09:00,ICN,KIX,2026-10-28,2026-10-30,2,227740,KRW,round_trip_total,google_flights,저가
2026-09-18T16:14:19+09:00,ICN,KIX,2026-10-28,2026-10-31,3,272054,KRW,round_trip_total,google_flights,
2026-09-18T16:14:19+09:00,ICN,KIX,2026-10-29,2026-10-30,1,236240,KRW,round_trip_total,google_flights,저가
2026-09-18T16:14:19+09:00,ICN,KIX,2026-10-29,2026-10-31,2,279000,KRW,round_trip_total,google_flights,
2026-09-18T16:14:19+09:00,ICN,KIX,2026-10-30,2026-10-31,1,279000,KRW,round_trip_total,google_flights,
2026-09-18T17:15:44+09:00,ICN,KIX,2026-10-01,2026-10-02,1,323000,KRW,round_trip_total,google_flights,
2026-09-18T17:15:44+09:00,ICN,KIX,2026-10-01,2026-10-03,2,363000,KRW,round_trip_total,google_flights,
2026-09-18T17:15:44+09:00,ICN,KIX,2026-10-01,2026-10-04,3,398235,KRW,round_trip_total,google_flights,
2026-09-18T17:15:44+09:00,ICN,KIX,2026-10-01,2026-10-05,4,553700,KRW,round_trip_total,google_flights,
2026-09-18T17:15:44+09:00,ICN,KIX,2026-10-01,2026-10-06,5,398235,KRW,round_trip_total,google_flights,
2026-09-18T17:15:44+09:00,ICN,KIX,2026-10-01,2026-10-07,6,336900,KRW,round_trip_total,google_flights,
2026-09-18T17:15:44+09:00,ICN,KIX,2026-10-01,2026-10-08,7,376900,KRW,round_trip_total,google_flights,
2026-09-18T17:15:44+09:00,ICN,KIX,2026-10-02,2026-10-03,1,399300,KRW,round_trip_total,google_flights,
2026-09-18T17:15:44+09:00,ICN,KIX,2026-10-02,2026-10-04,2,435135,KRW,round_trip_total,google_flights,
2026-09-18T17:15:44+09:00,ICN,KIX,2026-10-02,2026-10-05,3,555916,KRW,round_trip_total,google_flights,
2026-09-18T17:15:44+09:00,ICN,KIX,2026-10-02,2026-10-06,4,435135,KRW,round_trip_total,google_flights,
2026-09-18T17:15:44+09:00,ICN,KIX,2026-10-02,2026-10-07,5,379300,KRW,round_trip_total,google_flights,
2026-09-18T17:15:44+09:00,ICN,KIX,2026-10-02,2026-10-08,6,426900,KRW,round_trip_total,google_flights,
2026-09-18T17:15:44+09:00,ICN,KIX,2026-10-02,2026-10-09,7,496900,KRW,round_trip_total,google_flights,
2026-09-18T17:15:44+09:00,ICN,KIX,2026-10-03,2026-10-04,1,433235,KRW,round_trip_total,google_flights,
2026-09-18T17:15:44+09:00,ICN,KIX,2026-10-03,2026-10-05,2,554016,KRW,round_trip_total,google_flights,
2026-09-18T17:15:44+09:00,ICN,KIX,2026-10-03,2026-10-06,3,433235,KRW,round_trip_total,google_flights,
2026-09-18T17:15:44+09:00,ICN,KIX,2026-10-03,2026-10-07,4,377693,KRW,round_trip_total,google_flights,
2026-09-18T17:15:44+09:00,ICN,KIX,2026-10-03,2026-10-08,5,414000,KRW,round_trip_total,google_flights,
2026-09-18T17:15:44+09:00,ICN,KIX,2026-10-03,2026-10-09,6,509936,KRW,round_trip_total,google_flights,
2026-09-18T17:15:44+09:00,ICN,KIX,2026-10-03,2026-10-10,7,554016,KRW,round_trip_total,google_flights,
2026-09-18T17:15:44+09:00,ICN,KIX,2026-10-04,2026-10-05,1,519016,KRW,round_trip_total,google_flights,
2026-09-18T17:15:44+09:00,ICN,KIX,2026-10-04,2026-10-06,2,398235,KRW,round_trip_total,google_flights,
2026-09-18T17:15:44+09:00,ICN,KIX,2026-10-04,2026-10-07,3,348600,KRW,round_trip_total,google_flights,
2026-09-18T17:15:44+09:00,ICN,KIX,2026-10-04,2026-10-08,4,379000,KRW,round_trip_total,google_flights,
2026-09-18T17:15:44+09:00,ICN,KIX,2026-10-04,2026-10-09,5,445500,KRW,round_trip_total,google_flights,
2026-09-18T17:15:44+09:00,ICN,KIX,2026-10-04,2026-10-10,6,509300,KRW,round_trip_total,google_flights,
2026-09-18T17:15:44+09:00,ICN,KIX,2026-10-04,2026-10-11,7,519016,KRW,round_trip_total,google_flights,
2026-09-18T17:15:44+09:00,ICN,KIX,2026-10-05,2026-10-06,1,360335,KRW,round_trip_total,google_flights,
2026-09-18T17:15:44+09:00,ICN,KIX,2026-10-05,2026-10-07,2,304793,KRW,round_trip_total,google_flights,
2026-09-18T17:15:44+09:00,ICN,KIX,2026-10-05,2026-10-08,3,351900,KRW,round_trip_total,google_flights,
2026-09-18T17:15:44+09:00,ICN,KIX,2026-10-05,2026-10-09,4,421900,KRW,round_trip_total,google_flights,
2026-09-18T17:15:44+09:00,ICN,KIX,2026-10-05,2026-10-10,5,476900,KRW,round_trip_total,google_flights,
2026-09-18T17:15:44+09:00,ICN,KIX,2026-10-05,2026-10-11,6,481116,KRW,round_trip_total,google_flights,
2026-09-18T17:15:44+09:00,ICN,KIX,2026-10-05,2026-10-12,7,406900,KRW,round_trip_total,google_flights,
2026-09-18T17:15:44+09:00,ICN,KIX,2026-10-06,2026-10-07,1,224900,KRW,round_trip_total,google_flights,최저가
2026-09-18T17:15:44+09:00,ICN,KIX,2026-10-06,2026-10-08,2,269900,KRW,round_trip_total,google_flights,저가
2026-09-18T17:15:44+09:00,ICN,KIX,2026-10-06,2026-10-09,3,341900,KRW,round_trip_total,google_flights,
2026-09-18T17:15:44+09:00,ICN,KIX,2026-10-06,2026-10-10,4,394300,KRW,round_trip_total,google_flights,
2026-09-18T17:15:44+09:00,ICN,KIX,2026-10-06,2026-10-11,5,410916,KRW,round_trip_total,google_flights,
2026-09-18T17:15:44+09:00,ICN,KIX,2026-10-06,2026-10-12,6,326900,KRW,round_trip_total,google_flights,
2026-09-18T17:15:44+09:00,ICN,KIX,2026-10-06,2026-10-13,7,261900,KRW,round_trip_total,google_flights,저가
2026-09-18T17:15:44+09:00,ICN,KIX,2026-10-07,2026-10-08,1,271900,KRW,round_trip_total,google_flights,저가
2026-09-18T17:15:44+09:00,ICN,KIX,2026-10-07,2026-10-09,2,341900,KRW,round_trip_total,google_flights,
2026-09-18T17:15:44+09:00,ICN,KIX,2026-10-07,2026-10-10,3,396900,KRW,round_trip_total,google_flights,
2026-09-18T17:15:44+09:00,ICN,KIX,2026-10-07,2026-10-11,4,415916,KRW,round_trip_total,google_flights,
2026-09-18T17:15:44+09:00,ICN,KIX,2026-10-07,2026-10-12,5,326900,KRW,round_trip_total,google_flights,
2026-09-18T17:15:44+09:00,ICN,KIX,2026-10-07,2026-10-13,6,261900,KRW,round_trip_total,google_flights,저가
2026-09-18T17:15:44+09:00,ICN,KIX,2026-10-07,2026-10-14,7,238711,KRW,round_trip_total,google_flights,저가
2026-09-18T17:15:44+09:00,ICN,KIX,2026-10-08,2026-10-09,1,461900,KRW,round_trip_total,google_flights,
2026-09-18T17:15:44+09:00,ICN,KIX,2026-10-08,2026-10-10,2,509300,KRW,round_trip_total,google_flights,
2026-09-18T17:15:44+09:00,ICN,KIX,2026-10-08,2026-10-11,3,523116,KRW,round_trip_total,google_flights,
2026-09-18T17:15:44+09:00,ICN,KIX,2026-10-08,2026-10-12,4,446900,KRW,round_trip_total,google_flights,
2026-09-18T17:15:44+09:00,ICN,KIX,2026-10-08,2026-10-13,5,372360,KRW,round_trip_total,google_flights,
2026-09-18T17:15:44+09:00,ICN,KIX,2026-10-08,2026-10-14,6,345911,KRW,round_trip_total,google_flights,
2026-09-18T17:15:44+09:00,ICN,KIX,2026-10-08,2026-10-15,7,361900,KRW,round_trip_total,google_flights,
2026-09-18T17:15:44+09:00,ICN,KIX,2026-10-09,2026-10-10,1,421116,KRW,round_trip_total,google_flights,
2026-09-18T17:15:44+09:00,ICN,KIX,2026-10-09,2026-10-11,2,421116,KRW,round_trip_total,google_flights,
2026-09-18T17:15:44+09:00,ICN,KIX,2026-10-09,2026-10-12,3,359403,KRW,round_trip_total,google_flights,
2026-09-18T17:15:44+09:00,ICN,KIX,2026-10-09,2026-10-13,4,270360,KRW,round_trip_total,google_flights,저가
2026-09-18T17:15:44+09:00,ICN,KIX,2026-10-09,2026-10-14,5,243911,KRW,round_trip_total,google_flights,최저가
2026-09-18T17:15:44+09:00,ICN,KIX,2026-10-09,2026-10-15,6,267186,KRW,round_trip_total,google_flights,저가
2026-09-18T17:15:44+09:00,ICN,KIX,2026-10-09,2026-10-16,7,297690,KRW,round_trip_total,google_flights,
2026-09-18T17:15:44+09:00,ICN,KIX,2026-10-10,2026-10-11,1,435916,KRW,round_trip_total,google_flights,
2026-09-18T17:15:44+09:00,ICN,KIX,2026-10-10,2026-10-12,2,356900,KRW,round_trip_total,google_flights,
2026-09-18T17:15:44+09:00,ICN,KIX,2026-10-10,2026-10-13,3,291900,KRW,round_trip_total,google_flights,저가
2026-09-18T17:15:44+09:00,ICN,KIX,2026-10-10,2026-10-14,4,258711,KRW,round_trip_total,google_flights,저가
2026-09-18T17:15:44+09:00,ICN,KIX,2026-10-10,2026-10-15,5,271900,KRW,round_trip_total,google_flights,저가
2026-09-18T17:15:44+09:00,ICN,KIX,2026-10-10,2026-10-16,6,319300,KRW,round_trip_total,google_flights,
2026-09-18T17:15:44+09:00,ICN,KIX,2026-10-10,2026-10-17,7,315135,KRW,round_trip_total,google_flights,
2026-09-18T17:15:44+09:00,ICN,KIX,2026-10-11,2026-10-12,1,356900,KRW,round_trip_total,google_flights,
2026-09-18T17:15:44+09:00,ICN,KIX,2026-10-11,2026-10-13,2,291900,KRW,round_trip_total,google_flights,저가
2026-09-18T17:15:44+09:00,ICN,KIX,2026-10-11,2026-10-14,3,267911,KRW,round_trip_total,google_flights,저가
2026-09-18T17:15:44+09:00,ICN,KIX,2026-10-11,2026-10-15,4,271900,KRW,round_trip_total,google_flights,저가
2026-09-18T17:15:44+09:00,ICN,KIX,2026-10-11,2026-10-16,5,321900,KRW,round_trip_total,google_flights,
2026-09-18T17:15:44+09:00,ICN,KIX,2026-10-11,2026-10-17,6,324335,KRW,round_trip_total,google_flights,
2026-09-18T17:15:44+09:00,ICN,KIX,2026-10-11,2026-10-18,7,396900,KRW,round_trip_total,google_flights,
2026-09-18T17:15:44+09:00,ICN,KIX,2026-10-12,2026-10-13,1,318360,KRW,round_trip_total,google_flights,
2026-09-18T17:15:44+09:00,ICN,KIX,2026-10-12,2026-10-14,2,291911,KRW,round_trip_total,google_flights,저가
2026-09-18T17:15:44+09:00,ICN,KIX,2026-10-12,2026-10-15,3,321900,KRW,round_trip_total,google_flights,
2026-09-18T17:15:44+09:00,ICN,KIX,2026-10-12,2026-10-16,4,345690,KRW,round_trip_total,google_flights,
2026-09-18T17:15:44+09:00,ICN,KIX,2026-10-12,2026-10-17,5,348335,KRW,round_trip_total,google_flights,
2026-09-18T17:15:44+09:00,ICN,KIX,2026-10-12,2026-10-18,6,421700,KRW,round_trip_total,google_flights,
2026-09-18T17:15:44+09:00,ICN,KIX,2026-10-12,2026-10-19,7,330702,KRW,round_trip_total,google_flights,
2026-09-18T17:15:44+09:00,ICN,KIX,2026-10-13,2026-10-14,1,243911,KRW,round_trip_total,google_flights,최저가
2026-09-18T17:15:44+09:00,ICN,KIX,2026-10-13,2026-10-15,2,261900,KRW,round_trip_total,google_flights,저가
2026-09-18T17:15:44+09:00,ICN,KIX,2026-10-13,2026-10-16,3,297690,KRW,round_trip_total,google_flights,
2026-09-18T17:15:44+09:00,ICN,KIX,2026-10-13,2026-10-17,4,300335,KRW,round_trip_total,google_flights,
2026-09-18T17:15:44+09:00,ICN,KIX,2026-10-13,2026-10-18,5,373700,KRW,round_trip_total,google_flights,
2026-09-18T17:15:44+09:00,ICN,KIX,2026-10-13,2026-10-19,6,282702,KRW,round_trip_total,google_flights,
2026-09-18T17:15:44+09:00,ICN,KIX,2026-10-13,2026-10-20,7,243911,KRW,round_trip_total,google_flights,저가
2026-09-18T17:15:44+09:00,ICN,KIX,2026-10-14,2026-10-15,1,261900,KRW,round_trip_total,google_flights,저가
2026-09-18T17:15:44+09:00,ICN,KIX,2026-10-14,2026-10-16,2,311900,KRW,round_trip_total,google_flights,
2026-09-18T17:15:44+09:00,ICN,KIX,2026-10-14,2026-10-17,3,312335,KRW,round_trip_total,google_flights,
2026-09-18T17:15:44+09:00,ICN,KIX,2026-10-14,2026-10-18,4,385700,KRW,round_trip_total,google_flights,
2026-09-18T17:15:44+09:00,ICN,KIX,2026-10-14,2026-10-19,5,294702,KRW,round_trip_total,google_flights,
2026-09-18T17:15:44+09:00,ICN,KIX,2026-10-14,2026-10-20,6,255911,KRW,round_trip_total,google_flights,저가
2026-09-18T17:15:44+09:00,ICN,KIX,2026-10-14,2026-10-21,7,234752,KRW,round_trip_total,google_flights,저가
2026-09-18T17:15:44+09:00,ICN,KIX,2026-10-15,2026-10-16,1,345000,KRW,round_trip_total,google_flights,
2026-09-18T17:15:44+09:00,ICN,KIX,2026-10-15,2026-10-17,2,345000,KRW,round_trip_total,google_flights,
2026-09-18T17:15:44+09:00,ICN,KIX,2026-10-15,2026-10-18,3,421700,KRW,round_trip_total,google_flights,
2026-09-18T17:15:44+09:00,ICN,KIX,2026-10-15,2026-10-19,4,327502,KRW,round_trip_total,google_flights,
2026-09-18T17:15:44+09:00,ICN,KIX,2026-10-15,2026-10-20,5,288711,KRW,round_trip_total,google_flights,
2026-09-18T17:15:44+09:00,ICN,KIX,2026-10-15,2026-10-21,6,267552,KRW,round_trip_total,google_flights,저가
2026-09-18T17:15:44+09:00,ICN,KIX,2026-10-15,2026-10-22,7,311900,KRW,round_trip_total,google_flights,
2026-09-18T17:15:44+09:00,ICN,KIX,2026-10-16,2026-10-17,1,344435,KRW,round_trip_total,google_flights,
2026-09-18T17:15:44+09:00,ICN,KIX,2026-10-16,2026-10-18,2,426900,KRW,round_trip_total,google_flights,
2026-09-18T17:15:44+09:00,ICN,KIX,2026-10-16,2026-10-19,3,326802,KRW,round_trip_total,google_flights,
2026-09-18T17:15:44+09:00,ICN,KIX,2026-10-16,2026-10-20,4,288011,KRW,round_trip_total,google_flights,
2026-09-18T17:15:44+09:00,ICN,KIX,2026-10-16,2026-10-21,5,266852,KRW,round_trip_total,google_flights,저가
2026-09-18T17:15:44+09:00,ICN,KIX,2026-10-16,2026-10-22,6,311900,KRW,round_trip_total,google_flights,
2026-09-18T17:15:44+09:00,ICN,KIX,2026-10-16,2026-10-23,7,326802,KRW,round_trip_total,google_flights,
2026-09-18T17:15:44+09:00,ICN,KIX,2026-10-17,2026-10-18,1,456900,KRW,round_trip_total,google_flights,
2026-09-18T17:15:44+09:00,ICN,KIX,2026-10-17,2026-10-19,2,355602,KRW,round_trip_total,google_flights,
2026-09-18T17:15:44+09:00,ICN,KIX,2026-10-17,2026-10-20,3,338600,KRW,round_trip_total,google_flights,
2026-09-18T17:15:44+09:00,ICN,KIX,2026-10-17,2026-10-21,4,295652,KRW,round_trip_total,google_flights,
2026-09-18T17:15:44+09:00,ICN,KIX,2026-10-17,2026-10-22,5,340500,KRW,round_trip_total,google_flights,
2026-09-18T17:15:44+09:00,ICN,KIX,2026-10-17,2026-10-23,6,355500,KRW,round_trip_total,google_flights,
2026-09-18T17:15:44+09:00,ICN,KIX,2026-10-17,2026-10-24,7,355602,KRW,round_trip_total,google_flights,
2026-09-18T17:15:44+09:00,ICN,KIX,2026-10-18,2026-10-19,1,351802,KRW,round_trip_total,google_flights,
2026-09-18T17:15:44+09:00,ICN,KIX,2026-10-18,2026-10-20,2,313011,KRW,round_trip_total,google_flights,
2026-09-18T17:15:44+09:00,ICN,KIX,2026-10-18,2026-10-21,3,291852,KRW,round_trip_total,google_flights,
2026-09-18T17:15:44+09:00,ICN,KIX,2026-10-18,2026-10-22,4,321900,KRW,round_trip_total,google_flights,
2026-09-18T17:15:44+09:00,ICN,KIX,2026-10-18,2026-10-23,5,351802,KRW,round_trip_total,google_flights,
2026-09-18T17:15:44+09:00,ICN,KIX,2026-10-18,2026-10-24,6,351802,KRW,round_trip_total,google_flights,
2026-09-18T17:15:44+09:00,ICN,KIX,2026-10-18,2026-10-25,7,354500,KRW,round_trip_total,google_flights,
2026-09-18T17:15:44+09:00,ICN,KIX,2026-10-19,2026-10-20,1,279911,KRW,round_trip_total,google_flights,
2026-09-18T17:15:44+09:00,ICN,KIX,2026-10-19,2026-10-21,2,258752,KRW,round_trip_total,google_flights,저가
2026-09-18T17:15:44+09:00,ICN,KIX,2026-10-19,2026-10-22,3,311900,KRW,round_trip_total,google_flights,
2026-09-18T17:15:44+09:00,ICN,KIX,2026-10-19,2026-10-23,4,318702,KRW,round_trip_total,google_flights,
2026-09-18T17:15:44+09:00,ICN,KIX,2026-10-19,2026-10-24,5,318702,KRW,round_trip_total,google_flights,
2026-09-18T17:15:44+09:00,ICN,KIX,2026-10-19,2026-10-25,6,340000,KRW,round_trip_total,google_flights,
2026-09-18T17:15:44+09:00,ICN,KIX,2026-10-19,2026-10-26,7,306360,KRW,round_trip_total,google_flights,
2026-09-18T17:15:44+09:00,ICN,KIX,2026-10-20,2026-10-21,1,220352,KRW,round_trip_total,google_flights,최저가
2026-09-18T17:15:44+09:00,ICN,KIX,2026-10-20,2026-10-22,2,249900,KRW,round_trip_total,google_flights,저가
2026-09-18T17:15:44+09:00,ICN,KIX,2026-10-20,2026-10-23,3,280302,KRW,round_trip_total,google_flights,
2026-09-18T17:15:44+09:00,ICN,KIX,2026-10-20,2026-10-24,4,280302,KRW,round_trip_total,google_flights,
2026-09-18T17:15:44+09:00,ICN,KIX,2026-10-20,2026-10-25,5,297935,KRW,round_trip_total,google_flights,
2026-09-18T17:15:44+09:00,ICN,KIX,2026-10-20,2026-10-26,6,269900,KRW,round_trip_total,google_flights,
2026-09-18T17:15:44+09:00,ICN,KIX,2026-10-20,2026-10-27,7,256600,KRW,round_trip_total,google_flights,
2026-09-18T17:15:44+09:00,ICN,KIX,2026-10-21,2026-10-22,1,271241,KRW,round_trip_total,google_flights,
2026-09-18T17:15:44+09:00,ICN,KIX,2026-10-21,2026-10-23,2,282702,KRW,round_trip_total,google_flights,
2026-09-18T17:15:44+09:00,ICN,KIX,2026-10-21,2026-10-24,3,282702,KRW,round_trip_total,google_flights,
2026-09-18T17:15:44+09:00,ICN,KIX,2026-10-21,2026-10-25,4,300335,KRW,round_trip_total,google_flights,
2026-09-18T17:15:44+09:00,ICN,KIX,2026-10-21,2026-10-26,5,270360,KRW,round_trip_total,google_flights,
2026-09-18T17:15:44+09:00,ICN,KIX,2026-10-21,2026-10-27,6,268600,KRW,round_trip_total,google_flights,
2026-09-18T17:15:44+09:00,ICN,KIX,2026-10-21,2026-10-28,7,246900,KRW,round_trip_total,google_flights,저가
2026-09-18T17:15:44+09:00,ICN,KIX,2026-10-22,2026-10-23,1,318702,KRW,round_trip_total,google_flights,
2026-09-18T17:15:44+09:00,ICN,KIX,2026-10-22,2026-10-24,2,318702,KRW,round_trip_total,google_flights,
2026-09-18T17:15:44+09:00,ICN,KIX,2026-10-22,2026-10-25,3,336335,KRW,round_trip_total,google_flights,
2026-09-18T17:15:44+09:00,ICN,KIX,2026-10-22,2026-10-26,4,306360,KRW,round_trip_total,google_flights,
2026-09-18T17:15:44+09:00,ICN,KIX,2026-10-22,2026-10-27,5,301952,KRW,round_trip_total,google_flights,
2026-09-18T17:15:44+09:00,ICN,KIX,2026-10-22,2026-10-28,6,271900,KRW,round_trip_total,google_flights,
2026-09-18T17:15:44+09:00,ICN,KIX,2026-10-22,2026-10-29,7,273740,KRW,round_trip_total,google_flights,
2026-09-18T17:15:44+09:00,ICN,KIX,2026-10-23,2026-10-24,1,351802,KRW,round_trip_total,google_flights,
2026-09-18T17:15:44+09:00,ICN,KIX,2026-10-23,2026-10-25,2,369435,KRW,round_trip_total,google_flights,
2026-09-18T17:15:44+09:00,ICN,KIX,2026-10-23,2026-10-26,3,339460,KRW,round_trip_total,google_flights,
2026-09-18T17:15:44+09:00,ICN,KIX,2026-10-23,2026-10-27,4,323600,KRW,round_trip_total,google_flights,
2026-09-18T17:15:44+09:00,ICN,KIX,2026-10-23,2026-10-28,5,301900,KRW,round_trip_total,google_flights,
2026-09-18T17:15:44+09:00,ICN,KIX,2026-10-23,2026-10-29,6,291800,KRW,round_trip_total,google_flights,
2026-09-18T17:15:44+09:00,ICN,KIX,2026-10-23,2026-10-30,7,302432,KRW,round_trip_total,google_flights,
2026-09-18T17:15:44+09:00,ICN,KIX,2026-10-24,2026-10-25,1,354500,KRW,round_trip_total,google_flights,
2026-09-18T17:15:44+09:00,ICN,KIX,2026-10-24,2026-10-26,2,342360,KRW,round_trip_total,google_flights,
2026-09-18T17:15:44+09:00,ICN,KIX,2026-10-24,2026-10-27,3,337952,KRW,round_trip_total,google_flights,
2026-09-18T17:15:44+09:00,ICN,KIX,2026-10-24,2026-10-28,4,311900,KRW,round_trip_total,google_flights,
2026-09-18T17:15:44+09:00,ICN,KIX,2026-10-24,2026-10-29,5,309740,KRW,round_trip_total,google_flights,
2026-09-18T17:15:44+09:00,ICN,KIX,2026-10-24,2026-10-30,6,305332,KRW,round_trip_total,google_flights,
2026-09-18T17:15:44+09:00,ICN,KIX,2026-10-24,2026-10-31,7,355000,KRW,round_trip_total,google_flights,
2026-09-18T17:15:44+09:00,ICN,KIX,2026-10-25,2026-10-26,1,282760,KRW,round_trip_total,google_flights,
2026-09-18T17:15:44+09:00,ICN,KIX,2026-10-25,2026-10-27,2,266900,KRW,round_trip_total,google_flights,
2026-09-18T17:15:44+09:00,ICN,KIX,2026-10-25,2026-10-28,3,245200,KRW,round_trip_total,google_flights,저가
2026-09-18T17:15:44+09:00,ICN,KIX,2026-10-25,2026-10-29,4,235100,KRW,round_trip_total,google_flights,저가
2026-09-18T17:15:44+09:00,ICN,KIX,2026-10-25,2026-10-30,5,245732,KRW,round_trip_total,google_flights,저가
2026-09-18T17:15:44+09:00,ICN,KIX,2026-10-25,2026-10-31,6,295102,KRW,round_trip_total,google_flights,
2026-09-18T17:15:44+09:00,ICN,KIX,2026-10-26,2026-10-27,1,257800,KRW,round_trip_total,google_flights,
2026-09-18T17:15:44+09:00,ICN,KIX,2026-10-26,2026-10-28,2,231900,KRW,round_trip_total,google_flights,저가
2026-09-18T17:15:44+09:00,ICN,KIX,2026-10-26,2026-10-29,3,226000,KRW,round_trip_total,google_flights,저가
2026-09-18T17:15:44+09:00,ICN,KIX,2026-10-26,2026-10-30,4,233332,KRW,round_trip_total,google_flights,저가
2026-09-18T17:15:44+09:00,ICN,KIX,2026-10-26,2026-10-31,5,282702,KRW,round_trip_total,google_flights,
2026-09-18T17:15:44+09:00,ICN,KIX,2026-10-27,2026-10-28,1,231900,KRW,round_trip_total,google_flights,저가
2026-09-18T17:15:44+09:00,ICN,KIX,2026-10-27,2026-10-29,2,221800,KRW,round_trip_total,google_flights,최저가
2026-09-18T17:15:44+09:00,ICN,KIX,2026-10-27,2026-10-30,3,228132,KRW,round_trip_total,google_flights,저가
2026-09-18T17:15:44+09:00,ICN,KIX,2026-10-27,2026-10-31,4,279000,KRW,round_trip_total,google_flights,
2026-09-18T17:15:44+09:00,ICN,KIX,2026-10-28,2026-10-29,1,225000,KRW,round_trip_total,google_flights,저가
2026-09-18T17:15:44+09:00,ICN,KIX,2026-10-28,2026-10-30,2,228132,KRW,round_trip_total,google_flights,저가
2026-09-18T17:15:44+09:00,ICN,KIX,2026-10-28,2026-10-31,3,279000,KRW,round_trip_total,google_flights,
2026-09-18T17:15:44+09:00,ICN,KIX,2026-10-29,2026-10-30,1,236632,KRW,round_trip_total,google_flights,저가
2026-09-18T17:15:44+09:00,ICN,KIX,2026-10-29,2026-10-31,2,279000,KRW,round_trip_total,google_flights,
2026-09-18T17:15:44+09:00,ICN,KIX,2026-10-30,2026-10-31,1,279000,KRW,round_trip_total,google_flights,
2026-09-19T13:33:40+09:00,ICN,KIX,2026-10-01,2026-10-02,1,327845,KRW,round_trip_total,google_flights,
2026-09-19T13:33:40+09:00,ICN,KIX,2026-10-01,2026-10-03,2,369800,KRW,round_trip_total,google_flights,
2026-09-19T13:33:40+09:00,ICN,KIX,2026-10-01,2026-10-04,3,405596,KRW,round_trip_total,google_flights,
2026-09-19T13:33:40+09:00,ICN,KIX,2026-10-01,2026-10-05,4,521400,KRW,round_trip_total,google_flights,
2026-09-19T13:33:40+09:00,ICN,KIX,2026-10-01,2026-10-06,5,429800,KRW,round_trip_total,google_flights,
2026-09-19T13:33:40+09:00,ICN,KIX,2026-10-01,2026-10-07,6,359800,KRW,round_trip_total,google_flights,
2026-09-19T13:33:40+09:00,ICN,KIX,2026-10-01,2026-10-08,7,395500,KRW,round_trip_total,google_flights,
2026-09-19T13:33:40+09:00,ICN,KIX,2026-10-02,2026-10-03,1,399800,KRW,round_trip_total,google_flights,
2026-09-19T13:33:40+09:00,ICN,KIX,2026-10-02,2026-10-04,2,435596,KRW,round_trip_total,google_flights,
2026-09-19T13:33:40+09:00,ICN,KIX,2026-10-02,2026-10-05,3,551400,KRW,round_trip_total,google_flights,
2026-09-19T13:33:40+09:00,ICN,KIX,2026-10-02,2026-10-06,4,459800,KRW,round_trip_total,google_flights,
2026-09-19T13:33:40+09:00,ICN,KIX,2026-10-02,2026-10-07,5,382800,KRW,round_trip_total,google_flights,
2026-09-19T13:33:40+09:00,ICN,KIX,2026-10-02,2026-10-08,6,427998,KRW,round_trip_total,google_flights,
2026-09-19T13:33:40+09:00,ICN,KIX,2026-10-02,2026-10-09,7,498200,KRW,round_trip_total,google_flights,
2026-09-19T13:33:40+09:00,ICN,KIX,2026-10-03,2026-10-04,1,470796,KRW,round_trip_total,google_flights,
2026-09-19T13:33:40+09:00,ICN,KIX,2026-10-03,2026-10-05,2,591400,KRW,round_trip_total,google_flights,
2026-09-19T13:33:40+09:00,ICN,KIX,2026-10-03,2026-10-06,3,488200,KRW,round_trip_total,google_flights,
2026-09-19T13:33:40+09:00,ICN,KIX,2026-10-03,2026-10-07,4,418200,KRW,round_trip_total,google_flights,
2026-09-19T13:33:40+09:00,ICN,KIX,2026-10-03,2026-10-08,5,455500,KRW,round_trip_total,google_flights,
2026-09-19T13:33:40+09:00,ICN,KIX,2026-10-03,2026-10-09,6,518200,KRW,round_trip_total,google_flights,
2026-09-19T13:33:40+09:00,ICN,KIX,2026-10-03,2026-10-10,7,573200,KRW,round_trip_total,google_flights,
2026-09-19T13:33:40+09:00,ICN,KIX,2026-10-04,2026-10-05,1,521400,KRW,round_trip_total,google_flights,
2026-09-19T13:33:40+09:00,ICN,KIX,2026-10-04,2026-10-06,2,429800,KRW,round_trip_total,google_flights,
2026-09-19T13:33:40+09:00,ICN,KIX,2026-10-04,2026-10-07,3,347068,KRW,round_trip_total,google_flights,
2026-09-19T13:33:40+09:00,ICN,KIX,2026-10-04,2026-10-08,4,380500,KRW,round_trip_total,google_flights,
2026-09-19T13:33:40+09:00,ICN,KIX,2026-10-04,2026-10-09,5,478200,KRW,round_trip_total,google_flights,
2026-09-19T13:33:40+09:00,ICN,KIX,2026-10-04,2026-10-10,6,509800,KRW,round_trip_total,google_flights,
2026-09-19T13:33:40+09:00,ICN,KIX,2026-10-04,2026-10-11,7,520240,KRW,round_trip_total,google_flights,
2026-09-19T13:33:40+09:00,ICN,KIX,2026-10-05,2026-10-06,1,393200,KRW,round_trip_total,google_flights,
2026-09-19T13:33:40+09:00,ICN,KIX,2026-10-05,2026-10-07,2,317800,KRW,round_trip_total,google_flights,
2026-09-19T13:33:40+09:00,ICN,KIX,2026-10-05,2026-10-08,3,363200,KRW,round_trip_total,google_flights,
2026-09-19T13:33:40+09:00,ICN,KIX,2026-10-05,2026-10-09,4,423200,KRW,round_trip_total,google_flights,
2026-09-19T13:33:40+09:00,ICN,KIX,2026-10-05,2026-10-10,5,478200,KRW,round_trip_total,google_flights,
2026-09-19T13:33:40+09:00,ICN,KIX,2026-10-05,2026-10-11,6,505940,KRW,round_trip_total,google_flights,
2026-09-19T13:33:40+09:00,ICN,KIX,2026-10-05,2026-10-12,7,423200,KRW,round_trip_total,google_flights,
2026-09-19T13:33:40+09:00,ICN,KIX,2026-10-06,2026-10-07,1,225400,KRW,round_trip_total,google_flights,최저가
2026-09-19T13:33:40+09:00,ICN,KIX,2026-10-06,2026-10-08,2,270400,KRW,round_trip_total,google_flights,저가
2026-09-19T13:33:40+09:00,ICN,KIX,2026-10-06,2026-10-09,3,343200,KRW,round_trip_total,google_flights,
2026-09-19T13:33:40+09:00,ICN,KIX,2026-10-06,2026-10-10,4,394800,KRW,round_trip_total,google_flights,
2026-09-19T13:33:40+09:00,ICN,KIX,2026-10-06,2026-10-11,5,411640,KRW,round_trip_total,google_flights,
2026-09-19T13:33:40+09:00,ICN,KIX,2026-10-06,2026-10-12,6,343200,KRW,round_trip_total,google_flights,
2026-09-19T13:33:40+09:00,ICN,KIX,2026-10-06,2026-10-13,7,263200,KRW,round_trip_total,google_flights,저가
2026-09-19T13:33:40+09:00,ICN,KIX,2026-10-07,2026-10-08,1,283200,KRW,round_trip_total,google_flights,저가
2026-09-19T13:33:40+09:00,ICN,KIX,2026-10-07,2026-10-09,2,343200,KRW,round_trip_total,google_flights,
2026-09-19T13:33:40+09:00,ICN,KIX,2026-10-07,2026-10-10,3,398200,KRW,round_trip_total,google_flights,
2026-09-19T13:33:40+09:00,ICN,KIX,2026-10-07,2026-10-11,4,416640,KRW,round_trip_total,google_flights,
2026-09-19T13:33:40+09:00,ICN,KIX,2026-10-07,2026-10-12,5,343200,KRW,round_trip_total,google_flights,
2026-09-19T13:33:40+09:00,ICN,KIX,2026-10-07,2026-10-13,6,263200,KRW,round_trip_total,google_flights,저가
2026-09-19T13:33:40+09:00,ICN,KIX,2026-10-07,2026-10-14,7,253200,KRW,round_trip_total,google_flights,저가
2026-09-19T13:33:40+09:00,ICN,KIX,2026-10-08,2026-10-09,1,463200,KRW,round_trip_total,google_flights,
2026-09-19T13:33:40+09:00,ICN,KIX,2026-10-08,2026-10-10,2,509800,KRW,round_trip_total,google_flights,
2026-09-19T13:33:40+09:00,ICN,KIX,2026-10-08,2026-10-11,3,523840,KRW,round_trip_total,google_flights,
2026-09-19T13:33:40+09:00,ICN,KIX,2026-10-08,2026-10-12,4,463200,KRW,round_trip_total,google_flights,
2026-09-19T13:33:40+09:00,ICN,KIX,2026-10-08,2026-10-13,5,383200,KRW,round_trip_total,google_flights,
2026-09-19T13:33:40+09:00,ICN,KIX,2026-10-08,2026-10-14,6,369800,KRW,round_trip_total,google_flights,
2026-09-19T13:33:40+09:00,ICN,KIX,2026-10-08,2026-10-15,7,373200,KRW,round_trip_total,google_flights,
2026-09-19T13:33:40+09:00,ICN,KIX,2026-10-09,2026-10-10,1,479240,KRW,round_trip_total,google_flights,
2026-09-19T13:33:40+09:00,ICN,KIX,2026-10-09,2026-10-11,2,479240,KRW,round_trip_total,google_flights,
2026-09-19T13:33:40+09:00,ICN,KIX,2026-10-09,2026-10-12,3,418500,KRW,round_trip_total,google_flights,
2026-09-19T13:33:40+09:00,ICN,KIX,2026-10-09,2026-10-13,4,340526,KRW,round_trip_total,google_flights,
2026-09-19T13:33:40+09:00,ICN,KIX,2026-10-09,2026-10-14,5,319500,KRW,round_trip_total,google_flights,저가
2026-09-19T13:33:40+09:00,ICN,KIX,2026-10-09,2026-10-15,6,319500,KRW,round_trip_total,google_flights,저가
2026-09-19T13:33:40+09:00,ICN,KIX,2026-10-09,2026-10-16,7,358196,KRW,round_trip_total,google_flights,
2026-09-19T13:33:40+09:00,ICN,KIX,2026-10-10,2026-10-11,1,436640,KRW,round_trip_total,google_flights,
2026-09-19T13:33:40+09:00,ICN,KIX,2026-10-10,2026-10-12,2,373200,KRW,round_trip_total,google_flights,
2026-09-19T13:33:40+09:00,ICN,KIX,2026-10-10,2026-10-13,3,293200,KRW,round_trip_total,google_flights,저가
2026-09-19T13:33:40+09:00,ICN,KIX,2026-10-10,2026-10-14,4,279800,KRW,round_trip_total,google_flights,저가
2026-09-19T13:33:40+09:00,ICN,KIX,2026-10-10,2026-10-15,5,283200,KRW,round_trip_total,google_flights,저가
2026-09-19T13:33:40+09:00,ICN,KIX,2026-10-10,2026-10-16,6,315596,KRW,round_trip_total,google_flights,
2026-09-19T13:33:40+09:00,ICN,KIX,2026-10-10,2026-10-17,7,341000,KRW,round_trip_total,google_flights,
2026-09-19T13:33:40+09:00,ICN,KIX,2026-10-11,2026-10-12,1,373200,KRW,round_trip_total,google_flights,
2026-09-19T13:33:40+09:00,ICN,KIX,2026-10-11,2026-10-13,2,293200,KRW,round_trip_total,google_flights,저가
2026-09-19T13:33:40+09:00,ICN,KIX,2026-10-11,2026-10-14,3,283200,KRW,round_trip_total,google_flights,저가
2026-09-19T13:33:40+09:00,ICN,KIX,2026-10-11,2026-10-15,4,283200,KRW,round_trip_total,google_flights,저가
2026-09-19T13:33:40+09:00,ICN,KIX,2026-10-11,2026-10-16,5,323200,KRW,round_trip_total,google_flights,
2026-09-19T13:33:40+09:00,ICN,KIX,2026-10-11,2026-10-17,6,343200,KRW,round_trip_total,google_flights,
2026-09-19T13:33:40+09:00,ICN,KIX,2026-10-11,2026-10-18,7,397700,KRW,round_trip_total,google_flights,
2026-09-19T13:33:40+09:00,ICN,KIX,2026-10-12,2026-10-13,1,331126,KRW,round_trip_total,google_flights,
2026-09-19T13:33:40+09:00,ICN,KIX,2026-10-12,2026-10-14,2,310804,KRW,round_trip_total,google_flights,저가
2026-09-19T13:33:40+09:00,ICN,KIX,2026-10-12,2026-10-15,3,319640,KRW,round_trip_total,google_flights,저가
2026-09-19T13:33:40+09:00,ICN,KIX,2026-10-12,2026-10-16,4,348796,KRW,round_trip_total,google_flights,
2026-09-19T13:33:40+09:00,ICN,KIX,2026-10-12,2026-10-17,5,393200,KRW,round_trip_total,google_flights,
2026-09-19T13:33:40+09:00,ICN,KIX,2026-10-12,2026-10-18,6,421700,KRW,round_trip_total,google_flights,
2026-09-19T13:33:40+09:00,ICN,KIX,2026-10-12,2026-10-19,7,348796,KRW,round_trip_total,google_flights,
2026-09-19T13:33:40+09:00,ICN,KIX,2026-10-13,2026-10-14,1,262804,KRW,round_trip_total,google_flights,최저가
2026-09-19T13:33:40+09:00,ICN,KIX,2026-10-13,2026-10-15,2,273200,KRW,round_trip_total,google_flights,저가
2026-09-19T13:33:40+09:00,ICN,KIX,2026-10-13,2026-10-16,3,300796,KRW,round_trip_total,google_flights,
2026-09-19T13:33:40+09:00,ICN,KIX,2026-10-13,2026-10-17,4,333200,KRW,round_trip_total,google_flights,
2026-09-19T13:33:40+09:00,ICN,KIX,2026-10-13,2026-10-18,5,373700,KRW,round_trip_total,google_flights,
2026-09-19T13:33:40+09:00,ICN,KIX,2026-10-13,2026-10-19,6,300796,KRW,round_trip_total,google_flights,
2026-09-19T13:33:40+09:00,ICN,KIX,2026-10-13,2026-10-20,7,244250,KRW,round_trip_total,google_flights,저가
2026-09-19T13:33:40+09:00,ICN,KIX,2026-10-14,2026-10-15,1,273200,KRW,round_trip_total,google_flights,저가
2026-09-19T13:33:40+09:00,ICN,KIX,2026-10-14,2026-10-16,2,313200,KRW,round_trip_total,google_flights,
2026-09-19T13:33:40+09:00,ICN,KIX,2026-10-14,2026-10-17,3,333200,KRW,round_trip_total,google_flights,
2026-09-19T13:33:40+09:00,ICN,KIX,2026-10-14,2026-10-18,4,385700,KRW,round_trip_total,google_flights,
2026-09-19T13:33:40+09:00,ICN,KIX,2026-10-14,2026-10-19,5,312796,KRW,round_trip_total,google_flights,
2026-09-19T13:33:40+09:00,ICN,KIX,2026-10-14,2026-10-20,6,256250,KRW,round_trip_total,google_flights,저가
2026-09-19T13:33:40+09:00,ICN,KIX,2026-10-14,2026-10-21,7,235045,KRW,round_trip_total,google_flights,저가
2026-09-19T13:33:40+09:00,ICN,KIX,2026-10-15,2026-10-16,1,345500,KRW,round_trip_total,google_flights,
2026-09-19T13:33:40+09:00,ICN,KIX,2026-10-15,2026-10-17,2,345500,KRW,round_trip_total,google_flights,
2026-09-19T13:33:40+09:00,ICN,KIX,2026-10-15,2026-10-18,3,421700,KRW,round_trip_total,google_flights,
2026-09-19T13:33:40+09:00,ICN,KIX,2026-10-15,2026-10-19,4,345596,KRW,round_trip_total,google_flights,
2026-09-19T13:33:40+09:00,ICN,KIX,2026-10-15,2026-10-20,5,289050,KRW,round_trip_total,google_flights,
2026-09-19T13:33:40+09:00,ICN,KIX,2026-10-15,2026-10-21,6,267845,KRW,round_trip_total,google_flights,저가
2026-09-19T13:33:40+09:00,ICN,KIX,2026-10-15,2026-10-22,7,313200,KRW,round_trip_total,google_flights,
2026-09-19T13:33:40+09:00,ICN,KIX,2026-10-16,2026-10-17,1,373200,KRW,round_trip_total,google_flights,
2026-09-19T13:33:40+09:00,ICN,KIX,2026-10-16,2026-10-18,2,428200,KRW,round_trip_total,google_flights,
2026-09-19T13:33:40+09:00,ICN,KIX,2026-10-16,2026-10-19,3,344896,KRW,round_trip_total,google_flights,
2026-09-19T13:33:40+09:00,ICN,KIX,2026-10-16,2026-10-20,4,288350,KRW,round_trip_total,google_flights,
2026-09-19T13:33:40+09:00,ICN,KIX,2026-10-16,2026-10-21,5,267145,KRW,round_trip_total,google_flights,저가
2026-09-19T13:33:40+09:00,ICN,KIX,2026-10-16,2026-10-22,6,313200,KRW,round_trip_total,google_flights,
2026-09-19T13:33:40+09:00,ICN,KIX,2026-10-16,2026-10-23,7,327226,KRW,round_trip_total,google_flights,
2026-09-19T13:33:40+09:00,ICN,KIX,2026-10-17,2026-10-18,1,458200,KRW,round_trip_total,google_flights,
2026-09-19T13:33:40+09:00,ICN,KIX,2026-10-17,2026-10-19,2,399800,KRW,round_trip_total,google_flights,
2026-09-19T13:33:40+09:00,ICN,KIX,2026-10-17,2026-10-20,3,347800,KRW,round_trip_total,google_flights,
2026-09-19T13:33:40+09:00,ICN,KIX,2026-10-17,2026-10-21,4,297845,KRW,round_trip_total,google_flights,
2026-09-19T13:33:40+09:00,ICN,KIX,2026-10-17,2026-10-22,5,343200,KRW,round_trip_total,google_flights,
2026-09-19T13:33:40+09:00,ICN,KIX,2026-10-17,2026-10-23,6,395500,KRW,round_trip_total,google_flights,
2026-09-19T13:33:40+09:00,ICN,KIX,2026-10-17,2026-10-24,7,357926,KRW,round_trip_total,google_flights,
2026-09-19T13:33:40+09:00,ICN,KIX,2026-10-18,2026-10-19,1,360796,KRW,round_trip_total,google_flights,
2026-09-19T13:33:40+09:00,ICN,KIX,2026-10-18,2026-10-20,2,304250,KRW,round_trip_total,google_flights,
2026-09-19T13:33:40+09:00,ICN,KIX,2026-10-18,2026-10-21,3,283045,KRW,round_trip_total,google_flights,
2026-09-19T13:33:40+09:00,ICN,KIX,2026-10-18,2026-10-22,4,323200,KRW,round_trip_total,google_flights,
2026-09-19T13:33:40+09:00,ICN,KIX,2026-10-18,2026-10-23,5,343126,KRW,round_trip_total,google_flights,
2026-09-19T13:33:40+09:00,ICN,KIX,2026-10-18,2026-10-24,6,343126,KRW,round_trip_total,google_flights,
2026-09-19T13:33:40+09:00,ICN,KIX,2026-10-18,2026-10-25,7,411157,KRW,round_trip_total,google_flights,
2026-09-19T13:33:40+09:00,ICN,KIX,2026-10-19,2026-10-20,1,280250,KRW,round_trip_total,google_flights,
2026-09-19T13:33:40+09:00,ICN,KIX,2026-10-19,2026-10-21,2,259045,KRW,round_trip_total,google_flights,저가
2026-09-19T13:33:40+09:00,ICN,KIX,2026-10-19,2026-10-22,3,313200,KRW,round_trip_total,google_flights,
2026-09-19T13:33:40+09:00,ICN,KIX,2026-10-19,2026-10-23,4,319126,KRW,round_trip_total,google_flights,
2026-09-19T13:33:40+09:00,ICN,KIX,2026-10-19,2026-10-24,5,319126,KRW,round_trip_total,google_flights,
2026-09-19T13:33:40+09:00,ICN,KIX,2026-10-19,2026-10-25,6,387157,KRW,round_trip_total,google_flights,
2026-09-19T13:33:40+09:00,ICN,KIX,2026-10-19,2026-10-26,7,306756,KRW,round_trip_total,google_flights,
2026-09-19T13:33:40+09:00,ICN,KIX,2026-10-20,2026-10-21,1,220645,KRW,round_trip_total,google_flights,최저가
2026-09-19T13:33:40+09:00,ICN,KIX,2026-10-20,2026-10-22,2,250400,KRW,round_trip_total,google_flights,저가
2026-09-19T13:33:40+09:00,ICN,KIX,2026-10-20,2026-10-23,3,280726,KRW,round_trip_total,google_flights,
2026-09-19T13:33:40+09:00,ICN,KIX,2026-10-20,2026-10-24,4,280726,KRW,round_trip_total,google_flights,
2026-09-19T13:33:40+09:00,ICN,KIX,2026-10-20,2026-10-25,5,325400,KRW,round_trip_total,google_flights,
2026-09-19T13:33:40+09:00,ICN,KIX,2026-10-20,2026-10-26,6,270400,KRW,round_trip_total,google_flights,
2026-09-19T13:33:40+09:00,ICN,KIX,2026-10-20,2026-10-27,7,255800,KRW,round_trip_total,google_flights,저가
2026-09-19T13:33:40+09:00,ICN,KIX,2026-10-21,2026-10-22,1,271640,KRW,round_trip_total,google_flights,
2026-09-19T13:33:40+09:00,ICN,KIX,2026-10-21,2026-10-23,2,283126,KRW,round_trip_total,google_flights,
2026-09-19T13:33:40+09:00,ICN,KIX,2026-10-21,2026-10-24,3,283126,KRW,round_trip_total,google_flights,
2026-09-19T13:33:40+09:00,ICN,KIX,2026-10-21,2026-10-25,4,351157,KRW,round_trip_total,google_flights,
2026-09-19T13:33:40+09:00,ICN,KIX,2026-10-21,2026-10-26,5,270756,KRW,round_trip_total,google_flights,
2026-09-19T13:33:40+09:00,ICN,KIX,2026-10-21,2026-10-27,6,267800,KRW,round_trip_total,google_flights,
2026-09-19T13:33:40+09:00,ICN,KIX,2026-10-21,2026-10-28,7,246100,KRW,round_trip_total,google_flights,저가
2026-09-19T13:33:40+09:00,ICN,KIX,2026-10-22,2026-10-23,1,319126,KRW,round_trip_total,google_flights,
2026-09-19T13:33:40+09:00,ICN,KIX,2026-10-22,2026-10-24,2,319126,KRW,round_trip_total,google_flights,
2026-09-19T13:33:40+09:00,ICN,KIX,2026-10-22,2026-10-25,3,390400,KRW,round_trip_total,google_flights,
2026-09-19T13:33:40+09:00,ICN,KIX,2026-10-22,2026-10-26,4,306756,KRW,round_trip_total,google_flights,
2026-09-19T13:33:40+09:00,ICN,KIX,2026-10-22,2026-10-27,5,298804,KRW,round_trip_total,google_flights,
2026-09-19T13:33:40+09:00,ICN,KIX,2026-10-22,2026-10-28,6,273200,KRW,round_trip_total,google_flights,
2026-09-19T13:33:40+09:00,ICN,KIX,2026-10-22,2026-10-29,7,274065,KRW,round_trip_total,google_flights,
2026-09-19T13:33:40+09:00,ICN,KIX,2026-10-23,2026-10-24,1,357526,KRW,round_trip_total,google_flights,
2026-09-19T13:33:40+09:00,ICN,KIX,2026-10-23,2026-10-25,2,425400,KRW,round_trip_total,google_flights,
2026-09-19T13:33:40+09:00,ICN,KIX,2026-10-23,2026-10-26,3,345156,KRW,round_trip_total,google_flights,
2026-09-19T13:33:40+09:00,ICN,KIX,2026-10-23,2026-10-27,4,337800,KRW,round_trip_total,google_flights,
2026-09-19T13:33:40+09:00,ICN,KIX,2026-10-23,2026-10-28,5,313200,KRW,round_trip_total,google_flights,
2026-09-19T13:33:40+09:00,ICN,KIX,2026-10-23,2026-10-29,6,306000,KRW,round_trip_total,google_flights,
2026-09-19T13:33:40+09:00,ICN,KIX,2026-10-23,2026-10-30,7,318650,KRW,round_trip_total,google_flights,
2026-09-19T13:33:40+09:00,ICN,KIX,2026-10-24,2026-10-25,1,425400,KRW,round_trip_total,google_flights,
2026-09-19T13:33:40+09:00,ICN,KIX,2026-10-24,2026-10-26,2,342756,KRW,round_trip_total,google_flights,
2026-09-19T13:33:40+09:00,ICN,KIX,2026-10-24,2026-10-27,3,334804,KRW,round_trip_total,google_flights,
2026-09-19T13:33:40+09:00,ICN,KIX,2026-10-24,2026-10-28,4,313200,KRW,round_trip_total,google_flights,
2026-09-19T13:33:40+09:00,ICN,KIX,2026-10-24,2026-10-29,5,316000,KRW,round_trip_total,google_flights,
2026-09-19T13:33:40+09:00,ICN,KIX,2026-10-24,2026-10-30,6,316250,KRW,round_trip_total,google_flights,
2026-09-19T13:33:40+09:00,ICN,KIX,2026-10-24,2026-10-31,7,372796,KRW,round_trip_total,google_flights,
2026-09-19T13:33:40+09:00,ICN,KIX,2026-10-25,2026-10-26,1,283156,KRW,round_trip_total,google_flights,
2026-09-19T13:33:40+09:00,ICN,KIX,2026-10-25,2026-10-27,2,266100,KRW,round_trip_total,google_flights,
2026-09-19T13:33:40+09:00,ICN,KIX,2026-10-25,2026-10-28,3,244400,KRW,round_trip_total,google_flights,저가
2026-09-19T13:33:40+09:00,ICN,KIX,2026-10-25,2026-10-29,4,234300,KRW,round_trip_total,google_flights,저가
2026-09-19T13:33:40+09:00,ICN,KIX,2026-10-25,2026-10-30,5,256650,KRW,round_trip_total,google_flights,
2026-09-19T13:33:40+09:00,ICN,KIX,2026-10-25,2026-10-31,6,313196,KRW,round_trip_total,google_flights,
2026-09-19T13:33:40+09:00,ICN,KIX,2026-10-26,2026-10-27,1,257000,KRW,round_trip_total,google_flights,저가
2026-09-19T13:33:40+09:00,ICN,KIX,2026-10-26,2026-10-28,2,233200,KRW,round_trip_total,google_flights,저가
2026-09-19T13:33:40+09:00,ICN,KIX,2026-10-26,2026-10-29,3,225200,KRW,round_trip_total,google_flights,저가
2026-09-19T13:33:40+09:00,ICN,KIX,2026-10-26,2026-10-30,4,247550,KRW,round_trip_total,google_flights,저가
2026-09-19T13:33:40+09:00,ICN,KIX,2026-10-26,2026-10-31,5,304096,KRW,round_trip_total,google_flights,
2026-09-19T13:33:40+09:00,ICN,KIX,2026-10-27,2026-10-28,1,231100,KRW,round_trip_total,google_flights,저가
2026-09-19T13:33:40+09:00,ICN,KIX,2026-10-27,2026-10-29,2,221000,KRW,round_trip_total,google_flights,최저가
2026-09-19T13:33:40+09:00,ICN,KIX,2026-10-27,2026-10-30,3,239050,KRW,round_trip_total,google_flights,저가
2026-09-19T13:33:40+09:00,ICN,KIX,2026-10-27,2026-10-31,4,295596,KRW,round_trip_total,google_flights,
2026-09-19T13:33:40+09:00,ICN,KIX,2026-10-28,2026-10-29,1,224200,KRW,round_trip_total,google_flights,저가
2026-09-19T13:33:40+09:00,ICN,KIX,2026-10-28,2026-10-30,2,234050,KRW,round_trip_total,google_flights,저가
2026-09-19T13:33:40+09:00,ICN,KIX,2026-10-28,2026-10-31,3,290596,KRW,round_trip_total,google_flights,
2026-09-19T13:33:40+09:00,ICN,KIX,2026-10-29,2026-10-30,1,247550,KRW,round_trip_total,google_flights,저가
2026-09-19T13:33:40+09:00,ICN,KIX,2026-10-29,2026-10-31,2,304096,KRW,round_trip_total,google_flights,
2026-09-19T13:33:40+09:00,ICN,KIX,2026-10-30,2026-10-31,1,312796,KRW,round_trip_total,google_flights,
2026-09-20T13:50:23+09:00,ICN,KIX,2026-10-01,2026-10-02,1,343200,KRW,round_trip_total,google_flights,
2026-09-20T13:50:23+09:00,ICN,KIX,2026-10-01,2026-10-03,2,369800,KRW,round_trip_total,google_flights,
2026-09-20T13:50:23+09:00,ICN,KIX,2026-10-01,2026-10-04,3,405596,KRW,round_trip_total,google_flights,
2026-09-20T13:50:23+09:00,ICN,KIX,2026-10-01,2026-10-05,4,521400,KRW,round_trip_total,google_flights,
2026-09-20T13:50:23+09:00,ICN,KIX,2026-10-01,2026-10-06,5,429800,KRW,round_trip_total,google_flights,
2026-09-20T13:50:23+09:00,ICN,KIX,2026-10-01,2026-10-07,6,359800,KRW,round_trip_total,google_flights,
2026-09-20T13:50:23+09:00,ICN,KIX,2026-10-01,2026-10-08,7,379974,KRW,round_trip_total,google_flights,
2026-09-20T13:50:23+09:00,ICN,KIX,2026-10-02,2026-10-03,1,399800,KRW,round_trip_total,google_flights,
2026-09-20T13:50:23+09:00,ICN,KIX,2026-10-02,2026-10-04,2,435596,KRW,round_trip_total,google_flights,
2026-09-20T13:50:23+09:00,ICN,KIX,2026-10-02,2026-10-05,3,551400,KRW,round_trip_total,google_flights,
2026-09-20T13:50:23+09:00,ICN,KIX,2026-10-02,2026-10-06,4,459800,KRW,round_trip_total,google_flights,
2026-09-20T13:50:23+09:00,ICN,KIX,2026-10-02,2026-10-07,5,389800,KRW,round_trip_total,google_flights,
2026-09-20T13:50:23+09:00,ICN,KIX,2026-10-02,2026-10-08,6,413300,KRW,round_trip_total,google_flights,
2026-09-20T13:50:23+09:00,ICN,KIX,2026-10-02,2026-10-09,7,518200,KRW,round_trip_total,google_flights,
2026-09-20T13:50:23+09:00,ICN,KIX,2026-10-03,2026-10-04,1,449896,KRW,round_trip_total,google_flights,
2026-09-20T13:50:23+09:00,ICN,KIX,2026-10-03,2026-10-05,2,565639,KRW,round_trip_total,google_flights,
2026-09-20T13:50:23+09:00,ICN,KIX,2026-10-03,2026-10-06,3,473752,KRW,round_trip_total,google_flights,
2026-09-20T13:50:23+09:00,ICN,KIX,2026-10-03,2026-10-07,4,403300,KRW,round_trip_total,google_flights,
2026-09-20T13:50:23+09:00,ICN,KIX,2026-10-03,2026-10-08,5,413300,KRW,round_trip_total,google_flights,
2026-09-20T13:50:23+09:00,ICN,KIX,2026-10-03,2026-10-09,6,518200,KRW,round_trip_total,google_flights,
2026-09-20T13:50:23+09:00,ICN,KIX,2026-10-03,2026-10-10,7,573200,KRW,round_trip_total,google_flights,
2026-09-20T13:50:23+09:00,ICN,KIX,2026-10-04,2026-10-05,1,521400,KRW,round_trip_total,google_flights,
2026-09-20T13:50:23+09:00,ICN,KIX,2026-10-04,2026-10-06,2,429800,KRW,round_trip_total,google_flights,
2026-09-20T13:50:23+09:00,ICN,KIX,2026-10-04,2026-10-07,3,359800,KRW,round_trip_total,google_flights,
2026-09-20T13:50:23+09:00,ICN,KIX,2026-10-04,2026-10-08,4,379974,KRW,round_trip_total,google_flights,
2026-09-20T13:50:23+09:00,ICN,KIX,2026-10-04,2026-10-09,5,478200,KRW,round_trip_total,google_flights,
2026-09-20T13:50:23+09:00,ICN,KIX,2026-10-04,2026-10-10,6,509800,KRW,round_trip_total,google_flights,
2026-09-20T13:50:23+09:00,ICN,KIX,2026-10-04,2026-10-11,7,526640,KRW,round_trip_total,google_flights,
2026-09-20T13:50:23+09:00,ICN,KIX,2026-10-05,2026-10-06,1,408200,KRW,round_trip_total,google_flights,
2026-09-20T13:50:23+09:00,ICN,KIX,2026-10-05,2026-10-07,2,323200,KRW,round_trip_total,google_flights,
2026-09-20T13:50:23+09:00,ICN,KIX,2026-10-05,2026-10-08,3,353200,KRW,round_trip_total,google_flights,
2026-09-20T13:50:23+09:00,ICN,KIX,2026-10-05,2026-10-09,4,423200,KRW,round_trip_total,google_flights,
2026-09-20T13:50:23+09:00,ICN,KIX,2026-10-05,2026-10-10,5,478200,KRW,round_trip_total,google_flights,
2026-09-20T13:50:23+09:00,ICN,KIX,2026-10-05,2026-10-11,6,506640,KRW,round_trip_total,google_flights,
2026-09-20T13:50:23+09:00,ICN,KIX,2026-10-05,2026-10-12,7,449800,KRW,round_trip_total,google_flights,
2026-09-20T13:50:23+09:00,ICN,KIX,2026-10-06,2026-10-07,1,225400,KRW,round_trip_total,google_flights,최저가
2026-09-20T13:50:23+09:00,ICN,KIX,2026-10-06,2026-10-08,2,259300,KRW,round_trip_total,google_flights,저가
2026-09-20T13:50:23+09:00,ICN,KIX,2026-10-06,2026-10-09,3,343200,KRW,round_trip_total,google_flights,
2026-09-20T13:50:23+09:00,ICN,KIX,2026-10-06,2026-10-10,4,394800,KRW,round_trip_total,google_flights,
2026-09-20T13:50:23+09:00,ICN,KIX,2026-10-06,2026-10-11,5,411640,KRW,round_trip_total,google_flights,
2026-09-20T13:50:23+09:00,ICN,KIX,2026-10-06,2026-10-12,6,354300,KRW,round_trip_total,google_flights,
2026-09-20T13:50:23+09:00,ICN,KIX,2026-10-06,2026-10-13,7,263200,KRW,round_trip_total,google_flights,저가
2026-09-20T13:50:23+09:00,ICN,KIX,2026-10-07,2026-10-08,1,259300,KRW,round_trip_total,google_flights,저가
2026-09-20T13:50:23+09:00,ICN,KIX,2026-10-07,2026-10-09,2,353200,KRW,round_trip_total,google_flights,
2026-09-20T13:50:23+09:00,ICN,KIX,2026-10-07,2026-10-10,3,399800,KRW,round_trip_total,google_flights,
2026-09-20T13:50:23+09:00,ICN,KIX,2026-10-07,2026-10-11,4,416640,KRW,round_trip_total,google_flights,
2026-09-20T13:50:23+09:00,ICN,KIX,2026-10-07,2026-10-12,5,354300,KRW,round_trip_total,google_flights,
2026-09-20T13:50:23+09:00,ICN,KIX,2026-10-07,2026-10-13,6,273200,KRW,round_trip_total,google_flights,저가
2026-09-20T13:50:23+09:00,ICN,KIX,2026-10-07,2026-10-14,7,259300,KRW,round_trip_total,google_flights,저가
2026-09-20T13:50:23+09:00,ICN,KIX,2026-10-08,2026-10-09,1,478200,KRW,round_trip_total,google_flights,
2026-09-20T13:50:23+09:00,ICN,KIX,2026-10-08,2026-10-10,2,509800,KRW,round_trip_total,google_flights,
2026-09-20T13:50:23+09:00,ICN,KIX,2026-10-08,2026-10-11,3,523840,KRW,round_trip_total,google_flights,
2026-09-20T13:50:23+09:00,ICN,KIX,2026-10-08,2026-10-12,4,463300,KRW,round_trip_total,google_flights,
2026-09-20T13:50:23+09:00,ICN,KIX,2026-10-08,2026-10-13,5,383300,KRW,round_trip_total,google_flights,
2026-09-20T13:50:23+09:00,ICN,KIX,2026-10-08,2026-10-14,6,368300,KRW,round_trip_total,google_flights,
2026-09-20T13:50:23+09:00,ICN,KIX,2026-10-08,2026-10-15,7,379800,KRW,round_trip_total,google_flights,
2026-09-20T13:50:23+09:00,ICN,KIX,2026-10-09,2026-10-10,1,465940,KRW,round_trip_total,google_flights,
2026-09-20T13:50:23+09:00,ICN,KIX,2026-10-09,2026-10-11,2,465940,KRW,round_trip_total,google_flights,
2026-09-20T13:50:23+09:00,ICN,KIX,2026-10-09,2026-10-12,3,403300,KRW,round_trip_total,google_flights,
2026-09-20T13:50:23+09:00,ICN,KIX,2026-10-09,2026-10-13,4,323300,KRW,round_trip_total,google_flights,
2026-09-20T13:50:23+09:00,ICN,KIX,2026-10-09,2026-10-14,5,308300,KRW,round_trip_total,google_flights,저가
2026-09-20T13:50:23+09:00,ICN,KIX,2026-10-09,2026-10-15,6,315740,KRW,round_trip_total,google_flights,저가
2026-09-20T13:50:23+09:00,ICN,KIX,2026-10-09,2026-10-16,7,344896,KRW,round_trip_total,google_flights,
2026-09-20T13:50:23+09:00,ICN,KIX,2026-10-10,2026-10-11,1,436640,KRW,round_trip_total,google_flights,
2026-09-20T13:50:23+09:00,ICN,KIX,2026-10-10,2026-10-12,2,379800,KRW,round_trip_total,google_flights,
2026-09-20T13:50:23+09:00,ICN,KIX,2026-10-10,2026-10-13,3,293200,KRW,round_trip_total,google_flights,저가
2026-09-20T13:50:23+09:00,ICN,KIX,2026-10-10,2026-10-14,4,279800,KRW,round_trip_total,google_flights,저가
2026-09-20T13:50:23+09:00,ICN,KIX,2026-10-10,2026-10-15,5,283200,KRW,round_trip_total,google_flights,저가
2026-09-20T13:50:23+09:00,ICN,KIX,2026-10-10,2026-10-16,6,315596,KRW,round_trip_total,google_flights,
2026-09-20T13:50:23+09:00,ICN,KIX,2026-10-10,2026-10-17,7,341000,KRW,round_trip_total,google_flights,
2026-09-20T13:50:23+09:00,ICN,KIX,2026-10-11,2026-10-12,1,393300,KRW,round_trip_total,google_flights,
2026-09-20T13:50:23+09:00,ICN,KIX,2026-10-11,2026-10-13,2,293200,KRW,round_trip_total,google_flights,저가
2026-09-20T13:50:23+09:00,ICN,KIX,2026-10-11,2026-10-14,3,283200,KRW,round_trip_total,google_flights,저가
2026-09-20T13:50:23+09:00,ICN,KIX,2026-10-11,2026-10-15,4,283200,KRW,round_trip_total,google_flights,저가
2026-09-20T13:50:23+09:00,ICN,KIX,2026-10-11,2026-10-16,5,323200,KRW,round_trip_total,google_flights,
2026-09-20T13:50:23+09:00,ICN,KIX,2026-10-11,2026-10-17,6,356000,KRW,round_trip_total,google_flights,
2026-09-20T13:50:23+09:00,ICN,KIX,2026-10-11,2026-10-18,7,409700,KRW,round_trip_total,google_flights,
2026-09-20T13:50:23+09:00,ICN,KIX,2026-10-12,2026-10-13,1,333300,KRW,round_trip_total,google_flights,
2026-09-20T13:50:23+09:00,ICN,KIX,2026-10-12,2026-10-14,2,318300,KRW,round_trip_total,google_flights,
2026-09-20T13:50:23+09:00,ICN,KIX,2026-10-12,2026-10-15,3,332500,KRW,round_trip_total,google_flights,
2026-09-20T13:50:23+09:00,ICN,KIX,2026-10-12,2026-10-16,4,354896,KRW,round_trip_total,google_flights,
2026-09-20T13:50:23+09:00,ICN,KIX,2026-10-12,2026-10-17,5,408200,KRW,round_trip_total,google_flights,
2026-09-20T13:50:23+09:00,ICN,KIX,2026-10-12,2026-10-18,6,433300,KRW,round_trip_total,google_flights,
2026-09-20T13:50:23+09:00,ICN,KIX,2026-10-12,2026-10-19,7,354896,KRW,round_trip_total,google_flights,
2026-09-20T13:50:23+09:00,ICN,KIX,2026-10-13,2026-10-14,1,262804,KRW,round_trip_total,google_flights,최저가
2026-09-20T13:50:23+09:00,ICN,KIX,2026-10-13,2026-10-15,2,273200,KRW,round_trip_total,google_flights,저가
2026-09-20T13:50:23+09:00,ICN,KIX,2026-10-13,2026-10-16,3,300796,KRW,round_trip_total,google_flights,
2026-09-20T13:50:23+09:00,ICN,KIX,2026-10-13,2026-10-17,4,341000,KRW,round_trip_total,google_flights,
2026-09-20T13:50:23+09:00,ICN,KIX,2026-10-13,2026-10-18,5,373700,KRW,round_trip_total,google_flights,
2026-09-20T13:50:23+09:00,ICN,KIX,2026-10-13,2026-10-19,6,300796,KRW,round_trip_total,google_flights,
2026-09-20T13:50:23+09:00,ICN,KIX,2026-10-13,2026-10-20,7,244250,KRW,round_trip_total,google_flights,저가
2026-09-20T13:50:23+09:00,ICN,KIX,2026-10-14,2026-10-15,1,276500,KRW,round_trip_total,google_flights,저가
2026-09-20T13:50:23+09:00,ICN,KIX,2026-10-14,2026-10-16,2,312796,KRW,round_trip_total,google_flights,
2026-09-20T13:50:23+09:00,ICN,KIX,2026-10-14,2026-10-17,3,341000,KRW,round_trip_total,google_flights,
2026-09-20T13:50:23+09:00,ICN,KIX,2026-10-14,2026-10-18,4,385700,KRW,round_trip_total,google_flights,
2026-09-20T13:50:23+09:00,ICN,KIX,2026-10-14,2026-10-19,5,312796,KRW,round_trip_total,google_flights,
2026-09-20T13:50:23+09:00,ICN,KIX,2026-10-14,2026-10-20,6,256250,KRW,round_trip_total,google_flights,저가
2026-09-20T13:50:23+09:00,ICN,KIX,2026-10-14,2026-10-21,7,245648,KRW,round_trip_total,google_flights,저가
2026-09-20T13:50:23+09:00,ICN,KIX,2026-10-15,2026-10-16,1,345500,KRW,round_trip_total,google_flights,
2026-09-20T13:50:23+09:00,ICN,KIX,2026-10-15,2026-10-17,2,345500,KRW,round_trip_total,google_flights,
2026-09-20T13:50:23+09:00,ICN,KIX,2026-10-15,2026-10-18,3,421700,KRW,round_trip_total,google_flights,
2026-09-20T13:50:23+09:00,ICN,KIX,2026-10-15,2026-10-19,4,345596,KRW,round_trip_total,google_flights,
2026-09-20T13:50:23+09:00,ICN,KIX,2026-10-15,2026-10-20,5,289050,KRW,round_trip_total,google_flights,
2026-09-20T13:50:23+09:00,ICN,KIX,2026-10-15,2026-10-21,6,278448,KRW,round_trip_total,google_flights,
2026-09-20T13:50:23+09:00,ICN,KIX,2026-10-15,2026-10-22,7,313200,KRW,round_trip_total,google_flights,
2026-09-20T13:50:23+09:00,ICN,KIX,2026-10-16,2026-10-17,1,388200,KRW,round_trip_total,google_flights,
2026-09-20T13:50:23+09:00,ICN,KIX,2026-10-16,2026-10-18,2,423300,KRW,round_trip_total,google_flights,
2026-09-20T13:50:23+09:00,ICN,KIX,2026-10-16,2026-10-19,3,344896,KRW,round_trip_total,google_flights,
2026-09-20T13:50:23+09:00,ICN,KIX,2026-10-16,2026-10-20,4,288350,KRW,round_trip_total,google_flights,
2026-09-20T13:50:23+09:00,ICN,KIX,2026-10-16,2026-10-21,5,277748,KRW,round_trip_total,google_flights,
2026-09-20T13:50:23+09:00,ICN,KIX,2026-10-16,2026-10-22,6,308300,KRW,round_trip_total,google_flights,
2026-09-20T13:50:23+09:00,ICN,KIX,2026-10-16,2026-10-23,7,344366,KRW,round_trip_total,google_flights,
2026-09-20T13:50:23+09:00,ICN,KIX,2026-10-17,2026-10-18,1,448300,KRW,round_trip_total,google_flights,
2026-09-20T13:50:23+09:00,ICN,KIX,2026-10-17,2026-10-19,2,393300,KRW,round_trip_total,google_flights,
2026-09-20T13:50:23+09:00,ICN,KIX,2026-10-17,2026-10-20,3,333300,KRW,round_trip_total,google_flights,
2026-09-20T13:50:23+09:00,ICN,KIX,2026-10-17,2026-10-21,4,302748,KRW,round_trip_total,google_flights,
2026-09-20T13:50:23+09:00,ICN,KIX,2026-10-17,2026-10-22,5,333300,KRW,round_trip_total,google_flights,
2026-09-20T13:50:23+09:00,ICN,KIX,2026-10-17,2026-10-23,6,399800,KRW,round_trip_total,google_flights,
2026-09-20T13:50:23+09:00,ICN,KIX,2026-10-17,2026-10-24,7,399800,KRW,round_trip_total,google_flights,
2026-09-20T13:50:23+09:00,ICN,KIX,2026-10-18,2026-10-19,1,372796,KRW,round_trip_total,google_flights,
2026-09-20T13:50:23+09:00,ICN,KIX,2026-10-18,2026-10-20,2,316250,KRW,round_trip_total,google_flights,
2026-09-20T13:50:23+09:00,ICN,KIX,2026-10-18,2026-10-21,3,305648,KRW,round_trip_total,google_flights,
2026-09-20T13:50:23+09:00,ICN,KIX,2026-10-18,2026-10-22,4,323200,KRW,round_trip_total,google_flights,
2026-09-20T13:50:23+09:00,ICN,KIX,2026-10-18,2026-10-23,5,372500,KRW,round_trip_total,google_flights,
2026-09-20T13:50:23+09:00,ICN,KIX,2026-10-18,2026-10-24,6,372796,KRW,round_trip_total,google_flights,
2026-09-20T13:50:23+09:00,ICN,KIX,2026-10-18,2026-10-25,7,429800,KRW,round_trip_total,google_flights,
2026-09-20T13:50:23+09:00,ICN,KIX,2026-10-19,2026-10-20,1,280250,KRW,round_trip_total,google_flights,
2026-09-20T13:50:23+09:00,ICN,KIX,2026-10-19,2026-10-21,2,269648,KRW,round_trip_total,google_flights,저가
2026-09-20T13:50:23+09:00,ICN,KIX,2026-10-19,2026-10-22,3,308300,KRW,round_trip_total,google_flights,
2026-09-20T13:50:23+09:00,ICN,KIX,2026-10-19,2026-10-23,4,336266,KRW,round_trip_total,google_flights,
2026-09-20T13:50:23+09:00,ICN,KIX,2026-10-19,2026-10-24,5,336796,KRW,round_trip_total,google_flights,
2026-09-20T13:50:23+09:00,ICN,KIX,2026-10-19,2026-10-25,6,387157,KRW,round_trip_total,google_flights,
2026-09-20T13:50:23+09:00,ICN,KIX,2026-10-19,2026-10-26,7,319126,KRW,round_trip_total,google_flights,
2026-09-20T13:50:23+09:00,ICN,KIX,2026-10-20,2026-10-21,1,231248,KRW,round_trip_total,google_flights,최저가
2026-09-20T13:50:23+09:00,ICN,KIX,2026-10-20,2026-10-22,2,260400,KRW,round_trip_total,google_flights,저가
2026-09-20T13:50:23+09:00,ICN,KIX,2026-10-20,2026-10-23,3,304500,KRW,round_trip_total,google_flights,
2026-09-20T13:50:23+09:00,ICN,KIX,2026-10-20,2026-10-24,4,298396,KRW,round_trip_total,google_flights,
2026-09-20T13:50:23+09:00,ICN,KIX,2026-10-20,2026-10-25,5,345400,KRW,round_trip_total,google_flights,
2026-09-20T13:50:23+09:00,ICN,KIX,2026-10-20,2026-10-26,6,270400,KRW,round_trip_total,google_flights,저가
2026-09-20T13:50:23+09:00,ICN,KIX,2026-10-20,2026-10-27,7,260400,KRW,round_trip_total,google_flights,저가
2026-09-20T13:50:23+09:00,ICN,KIX,2026-10-21,2026-10-22,1,278300,KRW,round_trip_total,google_flights,
2026-09-20T13:50:23+09:00,ICN,KIX,2026-10-21,2026-10-23,2,300266,KRW,round_trip_total,google_flights,
2026-09-20T13:50:23+09:00,ICN,KIX,2026-10-21,2026-10-24,3,300796,KRW,round_trip_total,google_flights,
2026-09-20T13:50:23+09:00,ICN,KIX,2026-10-21,2026-10-25,4,351157,KRW,round_trip_total,google_flights,
2026-09-20T13:50:23+09:00,ICN,KIX,2026-10-21,2026-10-26,5,283126,KRW,round_trip_total,google_flights,
2026-09-20T13:50:23+09:00,ICN,KIX,2026-10-21,2026-10-27,6,268300,KRW,round_trip_total,google_flights,저가
2026-09-20T13:50:23+09:00,ICN,KIX,2026-10-21,2026-10-28,7,253200,KRW,round_trip_total,google_flights,저가
2026-09-20T13:50:23+09:00,ICN,KIX,2026-10-22,2026-10-23,1,362700,KRW,round_trip_total,google_flights,
2026-09-20T13:50:23+09:00,ICN,KIX,2026-10-22,2026-10-24,2,348796,KRW,round_trip_total,google_flights,
2026-09-20T13:50:23+09:00,ICN,KIX,2026-10-22,2026-10-25,3,399157,KRW,round_trip_total,google_flights,
2026-09-20T13:50:23+09:00,ICN,KIX,2026-10-22,2026-10-26,4,335400,KRW,round_trip_total,google_flights,
2026-09-20T13:50:23+09:00,ICN,KIX,2026-10-22,2026-10-27,5,313200,KRW,round_trip_total,google_flights,
2026-09-20T13:50:23+09:00,ICN,KIX,2026-10-22,2026-10-28,6,273200,KRW,round_trip_total,google_flights,
2026-09-20T13:50:23+09:00,ICN,KIX,2026-10-22,2026-10-29,7,293200,KRW,round_trip_total,google_flights,
2026-09-20T13:50:23+09:00,ICN,KIX,2026-10-23,2026-10-24,1,369896,KRW,round_trip_total,google_flights,
2026-09-20T13:50:23+09:00,ICN,KIX,2026-10-23,2026-10-25,2,420257,KRW,round_trip_total,google_flights,
2026-09-20T13:50:23+09:00,ICN,KIX,2026-10-23,2026-10-26,3,352226,KRW,round_trip_total,google_flights,
2026-09-20T13:50:23+09:00,ICN,KIX,2026-10-23,2026-10-27,4,323300,KRW,round_trip_total,google_flights,
2026-09-20T13:50:23+09:00,ICN,KIX,2026-10-23,2026-10-28,5,313200,KRW,round_trip_total,google_flights,
2026-09-20T13:50:23+09:00,ICN,KIX,2026-10-23,2026-10-29,6,313300,KRW,round_trip_total,google_flights,
2026-09-20T13:50:23+09:00,ICN,KIX,2026-10-23,2026-10-30,7,291600,KRW,round_trip_total,google_flights,
2026-09-20T13:50:23+09:00,ICN,KIX,2026-10-24,2026-10-25,1,430000,KRW,round_trip_total,google_flights,
2026-09-20T13:50:23+09:00,ICN,KIX,2026-10-24,2026-10-26,2,355126,KRW,round_trip_total,google_flights,
2026-09-20T13:50:23+09:00,ICN,KIX,2026-10-24,2026-10-27,3,334804,KRW,round_trip_total,google_flights,
2026-09-20T13:50:23+09:00,ICN,KIX,2026-10-24,2026-10-28,4,313200,KRW,round_trip_total,google_flights,
2026-09-20T13:50:23+09:00,ICN,KIX,2026-10-24,2026-10-29,5,333200,KRW,round_trip_total,google_flights,
2026-09-20T13:50:23+09:00,ICN,KIX,2026-10-24,2026-10-30,6,316600,KRW,round_trip_total,google_flights,
2026-09-20T13:50:23+09:00,ICN,KIX,2026-10-24,2026-10-31,7,401000,KRW,round_trip_total,google_flights,
2026-09-20T13:50:23+09:00,ICN,KIX,2026-10-25,2026-10-26,1,295526,KRW,round_trip_total,google_flights,
2026-09-20T13:50:23+09:00,ICN,KIX,2026-10-25,2026-10-27,2,266600,KRW,round_trip_total,google_flights,저가
2026-09-20T13:50:23+09:00,ICN,KIX,2026-10-25,2026-10-28,3,256600,KRW,round_trip_total,google_flights,저가
2026-09-20T13:50:23+09:00,ICN,KIX,2026-10-25,2026-10-29,4,256600,KRW,round_trip_total,google_flights,저가
2026-09-20T13:50:23+09:00,ICN,KIX,2026-10-25,2026-10-30,5,234900,KRW,round_trip_total,google_flights,저가
2026-09-20T13:50:23+09:00,ICN,KIX,2026-10-25,2026-10-31,6,345887,KRW,round_trip_total,google_flights,
2026-09-20T13:50:23+09:00,ICN,KIX,2026-10-26,2026-10-27,1,257500,KRW,round_trip_total,google_flights,저가
2026-09-20T13:50:23+09:00,ICN,KIX,2026-10-26,2026-10-28,2,233200,KRW,round_trip_total,google_flights,최저가
2026-09-20T13:50:23+09:00,ICN,KIX,2026-10-26,2026-10-29,3,247500,KRW,round_trip_total,google_flights,저가
2026-09-20T13:50:23+09:00,ICN,KIX,2026-10-26,2026-10-30,4,225800,KRW,round_trip_total,google_flights,저가
2026-09-20T13:50:23+09:00,ICN,KIX,2026-10-26,2026-10-31,5,323200,KRW,round_trip_total,google_flights,
2026-09-20T13:50:23+09:00,ICN,KIX,2026-10-27,2026-10-28,1,233200,KRW,round_trip_total,google_flights,최저가
2026-09-20T13:50:23+09:00,ICN,KIX,2026-10-27,2026-10-29,2,243300,KRW,round_trip_total,google_flights,저가
2026-09-20T13:50:23+09:00,ICN,KIX,2026-10-27,2026-10-30,3,221600,KRW,round_trip_total,google_flights,저가
2026-09-20T13:50:23+09:00,ICN,KIX,2026-10-27,2026-10-31,4,323200,KRW,round_trip_total,google_flights,
2026-09-20T13:50:23+09:00,ICN,KIX,2026-10-28,2026-10-29,1,240400,KRW,round_trip_total,google_flights,저가
2026-09-20T13:50:23+09:00,ICN,KIX,2026-10-28,2026-10-30,2,221600,KRW,round_trip_total,google_flights,저가
2026-09-20T13:50:23+09:00,ICN,KIX,2026-10-28,2026-10-31,3,323200,KRW,round_trip_total,google_flights,
2026-09-20T13:50:23+09:00,ICN,KIX,2026-10-29,2026-10-30,1,224800,KRW,round_trip_total,google_flights,저가
2026-09-20T13:50:23+09:00,ICN,KIX,2026-10-29,2026-10-31,2,333200,KRW,round_trip_total,google_flights,
2026-09-20T13:50:23+09:00,ICN,KIX,2026-10-30,2026-10-31,1,345487,KRW,round_trip_total,google_flights,
